uid,body,title,url,newspaper_uid,host,n_tokens_title,n_tokens_body
a91bf3ad79958b15909b350ad8b1ee98,"  Bastó una imagen y una frase para revolucionar las redes. ""¡Sorpresa! Este es el arte de tapa oficial de #InTheMorning, el single sale este viernes"", escribió Jennifer Lopez en Instagram, donde se la ve completamente desnuda para promocionar su inminente tema que, como ella misma ha anunciado, se podrá escuchar en los próximos días. Con más de un millón de likes, la publicación se volvió extremadamente popular.    También lee: Jennifer Lopez se desnuda para anunciar su nuevo material musical                                            Ver esta publicación en Instagram                                                                                 Una publicación compartida de Jennifer Lopez (@jlo)          El domingo, la actriz y cantante también fue noticia por su osada performance con Maluma en los American Music Awards 2020. El artista colombiano interpretó junto a JLo ""Pa'ti"" y ""Lonely"", y lograron una química que repercutió en las redes sociales, y que seguramente se pueda ver también en el film en el que trabajaron juntos, y para el cual fueron compuestas esas canciones: la comedia romántica ""Marry Me"".  La película en la que compartieron rodaje marca el debut de Maluma en cine. Según informó el portal Deadline, el largometraje es ""una combinación de ""Un lugar llamado Notting Hill"" con ""La propuesta"".    Una foto que causó sorpresa    En la imagen se ve a la estrella de perfil sobre un fondo negro. La instantánea fue tomada por los fotógrafos Mert Alas y Marcus Piggott.  Las reacciones a la portada no se han hecho esperar y son muchos los internautas que han alabado el aspecto de la estrella. ""Les recuerdo que Jennifer Lopez tiene 51 años"", destacó un usuario.       Reminder that Jennifer Lopez is 51. https://t.co/a8YFfj9oue    Frankie Jay (@Frankie_Jay_) November 25, 2020    ""Esto ha resuelto mi debate interno sobre si debería o no hacer ejercicio hoy. Esos abdominales son motivadores"", dijo otro tuitero. ""Está demostrando que no importa la edad, aún puedes ser una mujer que está orgullosa de su cuerpo y del trabajo que hace. Una gran motivación para todas las mujeres"", apuntó otra fan. ""Espero que vayas a lanzar un disco porque esta sería una portada de álbum muy atrevida"", opinó otro seguidor.    jennifer López a los 50 / yo a los 18 pic.twitter.com/2CK3W1gSAL    CMLAIA JUVENTUD Y PAZ (@Cmlaia1) November 23, 2020    Por el momento se desconoce si la intérprete está preparando un nuevo álbum. Su último disco de estudio es A.K.A., trabajo publicado en el año 2014. Entre sus últimos temas están ""Baila Conmigo"", colaboración con Dayvi y Víctor Cárdenas lanzada en 2019; y ""Medicine"" junto a French Montana.  rad   ",cuerpo desnudo de jennifer lopez impacta cibernautas,https://www.eluniversal.com.mx/espectaculos/cuerpo-desnudo-de-jennifer-lopez-impacta-cibernautas,eluniversal,www.eluniversal.com.mx,6,210
cccde3afcf3c28a23326ee4eb8512e8e,"  Gracias por haber jugado al futbol... Gracias a la pelota, esas serían las palabras que Diego Armando Maradona, el hombre, le diría a Diego Armando Maradona, el futbolista, según lo expresado en una entrevista que se hizo a sí mismo para el programa La Noche del 10. De eso ya han pasado años, pero vale la pena recordarlo después del anuncio de la muerte de uno de los mejores futbolistas en el mundo.  Maradona no murió, se dejó morir y lo dejaron morir. Lo fueron chupando hasta dejarlo en malas condiciones, de las que no  pudo recuperarse. El personaje se lo comió, se llevó al hombre que necesitaba tanta ayuda y que ahora seguramente tendrá el descanso que en la Tierra no tuvo.   Ayer, ese Diego que tantas alegrías le dio al pueblo argentino y a muchos de los amantes al futbol hizo llorar a todos de tristeza ante su partida. Quedarán, claro, los recuerdos de las dos personalidades con las que tuvo que convivir a lo largo de la mayor parte de su existencia: la del excepcional camiseta 10 que enamoraba a todos dentro de la cancha, y la del hombre que sumergido en problemas tan fuertes como la adicción no encontró la manera de sobreponerse. Descanse en paz...  Perseguido por la justicia italiana, polémico hasta que las piernas le dieran para seguir recorriendo los campos, a Maradona ya lo habíamos perdido una vez, y quizá muy pocos se dieron cuenta. Fue justo en el Mundial de Estados Unidos 1994, cuando Argentina venció 2-1 a Nigeria, porque los análisis detectaron un positivo. Por órdenes de la FIFA, la AFA separó a Maradona del plantel.  LEER MÁS: La opinión de los expertos, tras la muerte de Diego Armando Maradona  No quiero dramatizar, pero créanme que me cortaron las piernas. A mí, a mi familia, a los que están al lado mío. Ahora nos sacaron la ilusión. Y creo que me sacaron del futbol definitivamente. Tengo los brazos caídos, el alma destrozada, dijo Maradona, en una entrevista después de ser sentenciado por la FIFA. A partir de ese momento, se vino abajo, se retiró como futbolista unos años después y, aunque el personaje siguió adelante como entrenador, comentarista y el D10S, la realidad es que nunca fue el mismo hombre.  Ayer, Diego Armando Maradona murió, víctima de un paro cardiorrespiratorio, en la casa a la que había llegado después de ser dado de alta tras una delicada operación, pero lo cierto es que el 10 no sobrevivió a esa tarde en 1994, cuando le anunciaron el castigo por dopaje en plena Copa del Mundo, sin poder agradecerle al futbol por todo lo que le dio, de la única manera que podía hacerlo: realizando magia con el balón en los pies.  ",cuando maradona hizo llorar al mundo,http://www.eluniversal.com.mx/opinion/gerardo-velazquez-de-leon/cuando-maradona-hizo-llorar-al-mundo,eluniversal,www.eluniversal.com.mx,4,211
8102fc627171bdd9fbe80295399f7784,"  No se puede ser un fenómeno todo el año. Maradona no siempre juega de Maradona  El Diez.  Algunos colegas de los medios de comunicación, particularmente en programas de radio, han optado por censurar las mañaneras, en un brote de rebeldía frente a un sistema que cada vez parece más apoyado en la post verdad, han decidido no dar cobertura a lo que declare el presidente Andrés Manuel López Obrador. Unos, de plano, intentarán no hablar de nada en torno a su figura y otros, simplemente, omitirán el testigo de su declaración, pero compartirán con su auditorio un contexto de lo declarado.  Ante todo, respeto la decisión, cada programa tiene su particular audiencia construida con base al también particular estilo de cada comunicador, la libertad editorial debe ser la norma en cualquier espacio informativo para, finalmente, construir, con cada uno de ellos, un mosaico de voces que sean más o menos un reflejo de la realidad en el acontecer del país.  Sin embargo, francamente, no creo que se gane mucho con la omisión o con la censura de las mañaneras.  De entrada, una verdad: el presidente miente frecuentemente, sus declaraciones pocas veces encierran hechos concretos y verificables. La mañanera no informa, en su lugar, López Obrador usa el foro para provocar, para dictar línea a sus subordinados, para prometer, para sermonear o, solamente, para desahogarse.   El hecho de que el presidente de México abra tantos frentes es, en sí mismo, una noticia y considero que debe ser consignada y contrastada con datos y posturas adversas.  Por otro lado, el populismo siempre buscará un adversario, censurar al populista amplifica su mensaje, primero con sus bases, que tendrán un argumento probado de una conspiración en su contra y segundo con la audiencia que, seguramente, logrará obtener el mensaje censurado por otras vías, pensar en esta época que los medios pueden controlar la discusión pública es ingenuo.  ¿Cómo debemos enfrentar las mentiras cuando éstas vienen directamente desde el poder?, es difícil, pero no podemos perder el piso, para bailar un tango se requieren de dos y lo que busca el populista es, justamente, generar encono, hacer ganancia de su río revuelto.  Preguntémonos qué fue lo que hizo que un hombre tan irascible, provocador y falto a la verdad como nuestro presidente haya logrado obtener tantos votos, ¿en qué fallamos como medios de comunicación para perder la confianza de nuestras audiencias?  Eso, creo que tendrá un mejor efecto que censurar las mañaneras.    De Colofón    La juez 54 del Tribunal en la Ciudad de México, Yassmin Alonso Tolamatl, podría llegar a cometer un delito si terminan por reconocer a Billy Álvarez frente a la Cooperativa Cruz Azul, ayer tomó cartas en el asunto la misma Fiscalía capitalina previendo un posible fraude a la ley Vaya tentáculos los de Don Billy.   @LuisCardenasMX  ",censurar las mananeras,http://www.eluniversal.com.mx/opinion/luis-cardenas/censurar-las-mananeras,eluniversal,www.eluniversal.com.mx,2,241
66bceade33cdd9dae7d0f89aa387f992,"  Despreciable Doctor López-Gatell:  Como usted sabe, hemos llegado aquí en México a más de 250 mil decesos por culpa del maldito coronavirus.  Más de 250 mil decesos que seguramente en un porcentaje altísimo se podían haber evitado si usted hubiera seguido las recomendaciones de la Organización Mundial de la Salud. Me refiero a las pruebas y al uso del cubre bocas. Pero como usted es un necio, además de inepto, México ha padecido más muertes que las que merecíamos. Y estas muertes, detestable doctor López, se las culpo a usted.  Por estas razones, le dedico mi Carta Semanal.  Para ratificarle lo que le escribí hace un par de meses. Para ratificarle mi desprecio y el desprecio de muchos mexicanos más. Porque esta vez los comentarios en esta Carta Semanal serán los comentarios del Pueblo Bueno que fueron encuestados por varias agencias de publicidad amigas mías en diferentes estados de la República.  Los muestreos realizados fueron en las siguientes ciudades: De México, Toluca, Monterrey, Guadalajara, Hermosillo, Culiacán, Querétaro, León, Tampico, Veracruz, Villahermosa, Colima, Cancún y Mérida.   Hicimos 4 preguntas a 25 personas por ciudad: ¿Cómo se ha manejado la pandemia del Covid-19?  ¿Cree en el número de muertos que López-Gatell maneja? ¿Cómo ve el próximo año? ¿Qué opina del Dr. López-Gatell?  Y antes de darle los resultados de este muestreo (porque no fue encuesta), le quiero compartir algunos comentarios de un artículo de la prestigiada revista Forbes que publicó esta semana.  Es sobre nuestro presidente y la verdad, me dio pena ajena. Aquí le van:  Es un DEMAGOGO INCOMPETENTE que se preocupa más por manipular discursos huecos y sin sentido.  López Obrador demuestra ser un embaucador y CHARLATÁN TORPE, para ampliar y crear los peores problemas a México.  Por TERQUEDAD E INEPTITUD no responde a la emergencia mundial y decenas de miles mexicanos pagan con su bienestar y vidas, mientras se sumerge el país en delincuencia.  Por su ineficiencia, solamente en junio, la economía mexicana perdió 130 mil empleos.   Para el final de su sexenio, es muy seguro que más de 150 mil mexicanos pierdan su vida por actos de violencia.  Sin comentarios, mejor vayamos a la encuesta: Fueron encuestadas en total 450 personas. 50% de cada sexo. Las edades fluctuaron entre 35 y 75 años de nivel socioeconómico C bajo. Le comparto las respuestas:  ¿Cómo se ha manejado la pandemia del Covid-19? 11% MUY BIEN. 27% MAL. 62% PÉSIMA.  O sea, el 89% lo REPRUEBA.  Siguiente pregunta: ¿Cree en el número de muertos que el Dr. López-Gatell maneja? 16% SÍ, 32% NO SABE, 52% NO. O sea: Prácticamente NADIE LE CREE.  La siguiente: ¿Cómo ve el próximo año? 11% SIN CAMBIOS. 56% PEOR. 33% MUCHO PEOR.  O sea: Un año de horror.  Y la última: ¿Qué opina del Dr. López-Gatell? 13% NO SÉ QUIÉN ES. 24% ES UN HIJO DE SU...  (DIJERON LA PALABRA COMPLETA). 63% ES UN PEN (TAMBIEN DIJERON LA PALABRA COMPLETA). O sea: el 87% piensa que ud. es un pen... y un hijo de...  Inclúyame en este muestreo.   [email protected]  ",carta dirigida lopez gatell todo mexico lo odia,http://www.eluniversal.com.mx/opinion/carlos-alazraki/carta-dirigida-lopez-gatell-todo-mexico-lo-odia,eluniversal,www.eluniversal.com.mx,6,230
6a1721b025dd3cc719f7f699750f8588,"  Nos comentan que la Unidad de Inteligencia Financiera (UIF) no sólo tiene en la mira las finanzas del exsecretario de Hacienda y excanciller Luis Videgaray, personaje que en los últimos meses ha sido acusado de encabezar una red de sobornos que trascendió las fronteras de México y sirvió no sólo para enriquecer a políticos de alto nivel, sino para financiar ilícitamente campañas electorales del PRI. Luego de que el exdirector de Petróleos Mexicanos Emilio Lozoya presentó una denuncia en la que acusó a Videgaray de supuestos actos de corrupción y en la que señaló a 70 funcionarios y exfuncionarios del sexenio pasado y antepasado, presuntamente implicados en este tipo de conductas, la UIF empezó a revisar las finanzas de todos ellos. Es decir, que no sólo está estudiando las finanzas de Videgaray sino también las de los expresidentes Enrique Peña Nieto, Felipe Calderón y hasta de Carlos Salinas de Gortari.    ¿López-Gatell en campaña?    Y quien dude de que el doctor Hugo López-Gatell está en campaña, solo tiene que ver la conferencia de prensa de anoche. Aunque es una conferencia para informar sobre temas de la pandemia, don Hugo aprovechó el micrófono y la oportunidad para dar un mensaje alusivo al tema de la violencia en contra de las mujeres. Desde luego que el tema es de la mayor relevancia, pero nos dicen que el subsecretario no pierde oportunidad de utilizar cualquier tema para fijar posturas sobre temas coyunturales, mandar mensajes y tirar rollos. La semana pasada llevó el tema de la despenalización del uso de la mariguana con fines médicos, lúdicos e industriales a la conferencia sobre Covid. Nos hace ver que el tema de la violencia contra las mujeres es tan serio, que no es nada correcto que se utilice para lucrar políticamente con él. Por supuesto que su activismo político nada tiene que ver con las elecciones de 2021, pues si así fuera, habría tenido que renunciar a su cargo. Desde luego, nos comentan, que don Hugo tiene puesta la mirada en 2024, aunque hay, hasta ahora, más de 100 mil razones que le deberían impedir pensar en un futuro en la política.    El son de la Morena    Los que han dado muestras que bailan al son que les toque el Poder Ejecutivo, es la bancada de Morena en la Cámara de Diputados. Aunque hace unos días esperaban que llegara la iniciativa del Presidente que pretende desaparecer el outsourcing para sacarla a ritmo acelerado de rock and roll, ahora recibieron la señal de que se trata de un baile lento, algo más parecido al vals. El pasado martes, nos cuentan, se tomó la decisión al interior de la fracción morenista de aplazar para la próxima semana la aprobación de la iniciativa presidencial. Nos revelan que, a pesar de que ya se había definido que hoy se aprobaría, se decidió posponerlo para la próxima semana, luego de que el presidente, Andrés Manuel López Obrador pactó con el sector empresarial revisar el proyecto de ley. Así que el baile seguirá lento hasta que desde Palacio Nacional les ordenen cambiar el ritmo. El reloj legislativo sigue avanzando y para la siguiente semana solamente quedarán 15 días del periodo ordinario y todavía falta que una vez que la mayoría de Morena la apruebe en la Cámara de Diputados pase al Senado.       Hasta en los gobernadores hay niveles para la 4T    Nos comentan que en la atención del gobierno federal para los gobernadores opositores de la Alianza Federalista no es la misma. Nos hacen ver que hace una semana, cuando el  gobernador de Chihuahua, Javier Corral, acudió a Palacio Nacional para solicitar recursos para su estado, fue atendido personalmente por Arturo Herrera, secretario de Hacienda, y hasta posaron para fotos. El gobernador incluso fue acompañado por el secretario hasta la puerta de salida del Palacio, donde siguieron charlando muy amenamente. Sin embargo, nos mencionan que ayer se le vio al gobernador de Aguascalientes ir al edificio histórico también para conseguir apoyos para su estado, sin embargo, en esta ocasión no fue recibido por el secretario, sino por el titular de la Unidad de Coordinación con Entidades Federativas de la SHCP, Fernando Arechederra Mustre. Será que la 4T piensa que hasta en los gobernadores opositores hay niveles.  ",bajo la lupa cuentas de pena videgaray calderon y salinas,http://www.eluniversal.com.mx/opinion/periodistas-el-universal/bajo-la-lupa-cuentas-de-pena-videgaray-calderon-y-salinas,eluniversal,www.eluniversal.com.mx,7,343
4eaa60c98ca09827d2c5f71d09ed414b,"  La Guía Ética para Transformar a México propone que desde una perspectiva humanista se debe de dar terapia psicológica a criminales y corruptos para que puedan redimirse.   En conferencia de prensa que encabeza el presidente Andrés Manuel López Obrador, José Agustín Ortiz Pinchetti, titular de la Fiscalía Especializada en Delitos Electorales, y quien colaboró en la redacción de esta guía leyó el punto 10  titulado De la redención No se debe de enfrentar el mal con el mal.   ""No se debe enfrentar el mal con el mal. En la antigüedad la redención se refería a un acto por medio del cual un esclavo tenía su libertad o bien el pago para recuperar un objeto empeñado. Actualmente significa la superación de errores, la toma de conciencia por actos indebidos y un arrepentimiento que implica el reconocimiento de culpabilidad y el propósito de no incurrir de nuevo en un delito o en una acción inmoral"".   Lee también AMLO presenta la Guía Ética para la Transformación de México  ""Desde una perspectiva humanista, los criminales y corruptos pueden redimirse por medio de la reflexión, la educación y terapia psicológica, sin renunciar a la posibilidad de sanciones como la privación de la libertad"".  En el salón Tesorería, el fiscal criticó que para el conservadurismo, las actitudes delictivas deben de ser objeto de un castigo severo y las personas que las presentan han de ser separada de la sociedad, degradas a una desconfianza permanente.   En tanto que Jesús Ramirez Cuevas, vocero de Presidencia, detalló en el punto 15 De la autoridad y el poder, que la política es asunto de todos  y que no importa si se ocupa o no un cargo público puesto que no se deben de desatender los asuntos políticos ni descuidar cosas que son del interés general.  Lee también La Consulta, la Constitución y la apatía de la 4T  Individuos y sociedad apáticas son alimentos del autoritarismo y de la opresión. Mantener un actitud participativa, crítica y vigilante sobre los gobernantes es la esencia de la democracia y la mejor manera de preservar la liberta, el bienestar y la paz. No olvides nuca que el pueblo manda y que tiene el derecho de poner y quitar a su gobernantes, dijo.  ",guia etica de amlo propone dar terapia psicologica criminales y corruptos,https://www.eluniversal.com.mx/nacion/guia-etica-de-amlo-propone-dar-terapia-psicologica-criminales-y-corruptos,eluniversal,www.eluniversal.com.mx,9,170
1591216e12c9096d50f494137a70d161,"    En el Día Internacional de la Eliminación de la Violencia contra la Mujer, el presidente López Obrador decidió mostrar que sigue encerrado en su visión francamente conservadora sobre el tema.    Para él, las causas de un homicidio y un feminicidio son las mismas, la violencia contra la mujer es culpa del neoliberalismo y todo se arreglará cuando haya valores en la familia.    Esa es su convicción y no le importa que las organizaciones de mujeres le hayan dicho hasta el cansancio desde que empezó su gobierno que esa postura las agravia y dificulta la acción institucional para enfrentar el fenómeno.    Esta vez, la secretaria de Gobernación, Olga Sánchez Cordero, se animó a corregirlo teniéndolo enfrente, en su terreno favorito: la mañanera. Tal vez pesaron en ella las críticas que recibió cuando denunció machismo en el actual gobierno, sólo para terminar desdiciéndose.    Por más que sus seguidores hayan querido vender el eslogan de el presidente más feminista de la historia, su postura irreductible lo muestra incapaz de entender un fenómeno complejo, y cerrado a escuchar lo que le dicen a gritos las mujeres del país en las calles, en los foros y en los estudios académicos.    Un presidente con un estilo tan unipersonal de ejercer el poder y cuya palabra es tomada como ley por la mayor parte de sus colaboradores, es definitorio para las acciones que se toman en su gobierno.    Pese a la presencia en el movimiento lopezobradorista de numerosas mujeres con larga trayectoria de activismo, la palabra presidencial parece tener un efecto paralizador.    En cambio, la fuerza de la movilización de las mujeres en la sociedad es imparable.    A López Obrador no parece importarle. Si no da muestras de flexibilidad en ningún tema, por el bien del país sería de gran utilidad que en este lo hiciera. Aunque sea por el bien de su propia gestión.      [email protected]  ",la cerrazon frente las mujeres,http://www.eluniversal.com.mx/opinion/carlos-loret-de-mola/la-cerrazon-frente-las-mujeres,eluniversal,www.eluniversal.com.mx,3,149
0f9edd7468a652788ec4288765ee39b0,"  Mads Mikkelsen será el sustituto de Johnny Depp en la tercera película de la saga ""Animales Fantásticos"" (""Fantastic Beasts""), después de que los estudios Warner Bros. expulsaran al actor por perder un juicio contra un medio que le acusó de maltratar a su exmujer Amber Heard.   Mikkelsen (""Hannibal"", ""Doctor Strange"") encarnará al personaje de Gellert Grindelwald en la saga derivada del universo Harry Potter, cuyo nuevo estreno se espera para el 15 de julio de 2022, informó este viernes el diario especializado en Hollywood Deadline.   Depp confirmó hace unas semanas su salida de la franquicia.   ""Les hago saber que Warner Bros me ha pedido que renuncie a mi rol como Grindelwald en 'Fantastic Beasts', y que yo he respetado y aceptado esa petición"", afirmó en un comunicado en Instagram.   También lee: Juez rechaza apelación de Johnny Depp contra diario británico   El actor había participado en las dos primeras entregas: ""Fantastic Beasts and Where to Find Them"" (2016) y ""Fantastic Beasts: The Crimes of Grindelwald"" (2018).   El Tribunal Superior de Londres dictaminó a principios de noviembre que el relato de las supuestas agresiones cometidas por Depp publicado en 2018 es ""sustancialmente cierto"", una conclusión que el actor ha asegurado que piensa recurrir.   Depp, de 57 años, inició una querella contra News Group Newspaper (NGN), propietario de The Sun y su director ejecutivo, Dan Wootton, al considerar que el artículo es difamatorio.   También lee: Tras su despido, Johnny Depp cobrará 10 millones por rodar escena de ""Animales Fantásticos 3""    ""La surrealista sentencia del tribunal británico no cambiará mi lucha para contar la verdad"", declaró este miércoles el protagonista de cintas como ""Edward Scissorhands"" (1990) y ""Pirates of the Caribbean"" (2003).   ""Mi determinación continúa siendo fuerte y tengo intención de demostrar que las acusaciones contra mí son falsas. Mi vida y mi carrera no quedarán definidas por este momento en el tiempo"", agregó Depp, nominado en tres ocasiones a un Oscar.    rad       ",mads mikkelsen sustituira johnny depp en animales fantasticos 3,https://www.eluniversal.com.mx/espectaculos/cine/mads-mikkelsen-sustituira-johnny-depp-en-animales-fantasticos-3,eluniversal,www.eluniversal.com.mx,7,184
5dc71733543efa7e9924234625833e1e,"  Tijuana, Baja California.- Nacida en San Diego, California, pero de padres mexicanos, la chef Adria Marina siempre ha estado rodeada de una mezcolanza de sabores, cuyo resultado ha derivado en un estilo que ella misma define como tijuaneadas. Estos toques de sabor los refleja en este su primer restaurante: Georgina.  Siempre se trata que haya un balance, algo dulce y salado. No pueden faltar los huevos revueltos y chilaquiles, pero tienen queso feta y burrata porque si no es demasiado mexicano; es lo que digo tijuaneado: la mezcla de culturas, comenta la chef sobre la oferta de desayunos que ofrece en el restaurante.    La carta es amplia y se antoja a la vista, además de que se pueden ver esas mezclas de sabores de las que habla la chef. Puedes empezar con una mimosa o beermosa, cerveza con jugo de naranja, seguido por fruta con granola hecha en casa, waffles, pancakes, pan de francés o platillos más elaborados como salmón ahumado, racheros judios, huevos Benedictos, fried chicken o una hamburguesa; entre otros platillos.  Leer más: Valle de Guadalupe, el segundo mejor destino para disfrutar del vino  Por la tarde podrás disfrutar de la famosa ensalada César: porque ya sabes, Tijuana; también pollo con pan brioche. Por ejemplo, a mí me encanta lo asiático, a lo mejor uso mucho dentro de mi comida los ingredientes pero procuro que no sean demasiado asiáticos. Como el pato laqueado que tiene naranja con salsa ponzu para que el resultado sea esa mezcla de culturas, explica la chef Marina quien también es propietaria de Azarosa y Don Ramen, dos foodtrucks ubicados en esta ciudad.  Foto: IG Gerogina Restaurante    Mirando al futuro   La chef se ha abierto camino. Después de estudiar en el Culinary Art School, trabajó en diferentes restaurantes. En 2016 su carrera dio un salto al participar en Top Chef. Me encanta ser muy curiosa con los mercados asiáticos, porque en mi casa no cocinaban tanto mexicano, porque mi papá es de Sonora y mi mamá es de Jalisco y residieron varios años en Tijuana.  Cuando salgo de la ciudad es lo que más extraño, la salsa ponzu o de soya, lo ácido y lo picante. Decían guau, qué impresión que puedes comer ocho cucharadas con un solo huevo. Aunque las tendencias están yéndose mucho por el lado de cocina mexicana y el maíz, explica.  El restaurante es un lugar muy acogedor que invita a disfrutar sin prisas. Los platillos tienen en común el equilibrio entre sabores, con muchas texturas y mezcla de técnicas. Es como un lugar muy reconfortante, está bonito pero puedes estar a gusto, esa es la idea de nosotros, un lugar que te sientas en casa pero tengas una experiencia de desayuno, comenta Adria. Sobre el panorama de la cocina en La Baja comenta que sigue la tendencia del uso de ingredientes locales, reconocidos por su calidad.    Foto: Instagram Georgina Restaurante  Baja California tiene años haciendo esta cocina bastante mexicana, pero respeta y adopta técnicas e ingredientes del centro del país, como el maíz, nosotros consumimos más harina. Los restaurantes están jugando mucho por el lado de cocina mexicana con ingredientes locales, considera la chef que además ha participado en diversos festivales como Guadalupe Valley Wine y el Baja Culinary Fest. En los próximos meses la chef trabajará en la apertura de un restaurante de cocina asiática, pero con platillos sencillos que se puedan consumir de diario.  Leer más: Una cocina de ensueño en el Valle de Guadalupe  Nosotros estamos muy acostumbrados, a lo mejor unos fideos salteados con verduras y demás hechos al momento, pero con salsa matcha, eso sería lo tijuaneado, no tan chino, no tan asiático; o un pollo salteado con verduras de la región. Mucho para llevar y considerado como en su día a día, así como podemos comer taco, porque en Tijuana comemos mucha comida china, va mucho por ese lado, finaliza.  Dirección  Antonio Caso 2020, Zona Urbana Rio Tijuana, Tijuana, Baja California  Tel. +52 664 684 8156IG @georginarestaurante  ",georgina el restaurante de adria marina en tijuana,https://www.eluniversal.com.mx/menu/georgina-el-restaurante-de-adria-marina-en-tijuana,eluniversal,www.eluniversal.com.mx,5,337
03824065c9b9d70dafc096e16dbb90fe,"  No es una fiesta que celebremos en México pero, gracias a las películas y especiales de televisión, seguro estás bien consciente de su existencia. Nos referimos a Thanksgiving o Acción de Gracias, que se festeja en Estados Unidos el cuarto jueves de noviembre, con lo cual arranca la temporada decembrina.   Te contamos 11 datos muy curiosos sobre esta celebración.   Pero antes platiquemos un poco sobre sus orígenes. Thanksgiving nació a partir de una costumbre que los colonos ingleses tenían de establecer días para agradecer por una buena cosecha o una victoria militar; actualmente se agradece por las bendiciones del año que está cerca de terminar.   Se cree que el primer Acción de Gracias se llevó a cabo en 1621 dentro de la colonia de Plymouth (ubicada en el actual estado de Massachusetts): fue una gran fiesta compartida por los ingleses y el pueblo amerindio de los wampanoag. Aunque poco tiene que ver con ese antiguo banquete, en esta fecha actualmente se acostumbra comer pavo, salsa de arándanos, camote, puré de papa y pay de calabaza.  Acción de Gracias es una fiesta nacional de Estados Unidos desde 1863, cuando fue proclamada por Abraham Lincoln.  Foto: Wikimedia Commons. Biblioteca del Congreso de EEUU  1. Aunque tradicionalmente se reconoce a la colonia de Plymouth como el lugar donde nació Acción de Gracias, desde hace décadas existe debate sobre este punto. Hay quienes reclaman que el primer Thanksgiving ocurrió en el actual estado de Virginia (1607), y otros dicen que fue en Florida (1513) o Texas (1541), explica el National Constitution Center. Después de todo, Plymouth no fue la primera colonia británica.   2. La famosa tradición de perdonar a un pavo data de 1863. Según un reportero de la época, el presidente Abraham Lincoln tuvo clemencia con el pavo que sería comido durante la cena de Navidad en la Casa Blanca a petición de su hijo Tad. La White House Historical Association explica que durante la presidencia de John F. Kennedy se llevó a cabo un acto similar, aunque las ceremonias de perdón se llevan a cabo formalmente desde los años ochenta.  Foto: Wikimedia Commons. Robert L. Knudsen  Leer más: Black Friday 2020: cuándo y cómo será en tiempos de Covid-19  3. Thanksgiving no solo se celebra en Estados Unidos, sino en países como Canadá, Granada y Países Bajos. Cambian las fechas y los orígenes del festejo, pero comparten la idea de gratitud por las bendiciones del año.   4. Después de Abraham Lincoln, la mayoría de los presidentes de Estados Unidos siguieron la tradición de declarar Acción de Gracias para celebrarse el último jueves de noviembre. En 1939, Franklin Delano Roosevelt lo adelantó una semana para favorecer la temporada de compras decembrinas; esto provocó rechazo a lo largo del país durante dos años y estados enteros continuaron celebrándolo en su propia fecha. Al final Roosevelt determinó que la fiesta ocurriría el cuarto jueves de noviembre, lo cual permanece hasta la actualidad.   5. Seguramente has visto fotos del tradicional desfile de Acción de Gracias que cada año organiza la cadena de tiendas departamentales Macy's: se caracteriza por sus enormes globos con la forma de personajes famosos, los cuales llegan a medir entre 12 y 22 metros de largo. Sin embargo, en el primer desfile que se realizó, en 1924, no había ni un solo globo. En su lugar había animales reales que el Central Park Zoo prestó para la ocasión. El primer globo apareció hasta 1927 y era de Félix el gato.   Foto: AFP. Don Emmert  Leer más: La historia real del Black Friday  6. Incluso fuera de Estados Unidos, la canción Jingle Bells es reconocida de inmediato en el inconsciente colectivo como un clásico de Navidad. Pero cuando fue escrita, a mediados del siglo XIX, el autor James Lord Pierpont la pensó para un evento de Acción de Gracias.   7. Cada persona consume entre tres mil y cuatro mil 500 calorías durante Thanksgiving, según el sitio web Mental Floss. Para un hombre promedio, sería necesario correr por 10 horas y media para quemar esas cuatro mil 500 calorías.   8. La cena más cara se sirvió en 2019, en el restaurante The Old Homestead Steakhouse de la ciudad de Nueva York, de acuerdo con el sitio web CNBC. Costó 181 mil dólares y ese establecimiento ya ha roto el mismo récord en otras dos ocasiones. Se trataba de un paquete para 12 personas, cuyo menú tenía un pavo cubierto con láminas de oro comestible, gravy infusionado en cognac Louis XIII (una botella en México cuesta más de 70 mil pesos) y otros ingredientes como caviar, langosta de Maine y cangrejo de Alaska. El paquete incluía otros regalitos como un crucero en yate y boletos para el Super Bowl.   9. El 96% de los estadounidenses celebran Acción de Gracias, según Mental Floss.   Foto: Unsplash. Pro Church Media  Leer más: Opciones de menús para celebrar Thanksgiving en CDMX  10. La tradición de los juegos de futbol americano durante Acción de Gracias comenzó en 1876, antes de que siquiera existiera la NFL (1920). Ese año se jugó un partido universitario entre Yale y Princeton.   11. En 2019, casi 56 millones de personas hicieron un viaje por la celebración de Thanksgiving, de acuerdo con el sitio web Statista. De ellos, 49.9 millones se transportaron en auto y 4.58 en avión. En este 2020 se espera que viajen 50 millones.      ",thanksgiving explicado en 11 datos curiosos que seguro no sabes,https://www.eluniversal.com.mx/destinos/thanksgiving-explicado-en-11-datos-curiosos-que-seguro-no-sabes,eluniversal,www.eluniversal.com.mx,6,450
0e23100a93083b73225eb4e6f784e8a8,"    Senadora Josefina Vázquez Mota.    La contienda interna en el PAN para la Presidencia de la República fue muy desigual, porque era claro que el presidente Felipe Calderón apoyaba a Ernesto Cordero, aunque decía que teníamos la cancha pareja. Un gobernador me invitó a su casa, pero me advirtieron, dentro de la casa tú eres nuestra apuesta, pero afuera no, porque nos han pedido que el apoyo no sea para ti. El día que gané la interna, recibí una llamada de Calderón, me preguntó cómo me había ido, le dije que había ganado en 25 estados; hubo un silencio del otro lado que me pareció eterno, escuché después su voz: yo tengo otros datos, déjame checar con el otro equipo y te hablo más tarde.    Senadora Verónica Delgadillo.    Es común y poco notorio que dices algo y lo minimizan, haces una propuesta y nadie reacciona, la repite tal cual un compañero hombre y se convierte en su idea con el apoyo de los demás. He recibido invitaciones a salir de hombres poderosos de la legislatura y del gobierno pasado, simulando cortesía, pero que en realidad son acoso. No puedes devolverles la agresión porque son políticos con los que vas a trabajar los siguientes tres años, pero debes poner un alto y responder con la educación de la que ellos carecen.    Presidenta de la Cámara de Diputados, Dulce María Sauri    Al paso del tiempo he construido una experiencia que me permite entender que la violencia política es lo que llamo el referente masculino: buscan quien es el hombre que me da instrucciones. Si eres casada suponen que el marido dice qué hacer y como. Si eres soltera, el hermano; Inconcebible para la opinión pública que una mujer decida sola. Es una forma de violencia pasiva, sutil pero muy discriminatoria, sin la idea de autonomía que a los hombres se les otorga en automático.    Secretaria Nacional de Mujeres de Morena, Carol Arriaga.    Es la primera vez que milito en un partido, mi carrera política inició como simpatizante del movimiento en 2006. En la medida que he crecido políticamente, la violencia ha incrementado. En una sesión de Comité Ejecutivo Nacional de MORENA, intervenía entre interrupciones y burlas; lo más agresivo es que cuando presenté una inconformidad para defender la selección adecuada de perfiles (no violentos, no deudores alimentarios) se molestaron. En otra sesión le hice saber a un integrante del Comité que era notorio cómo le molestaban mis posturas y me respondió: tus formas no me molestan, me encantan, me quiero acostar contigo.    Secretaria Global de WiM, exdiputada y exsubsecretaria de Movilidad, Laura Ballesteros.    Tengo historia de violencia que ha marcado de manera determinante mi carrera profesional, esto no es sólo una carrera política. Sufrí denostación pública siendo diputada del PAN, destitución sin previo aviso, violencia económica con respecto a las prerrogativas que me correspondían, (por no coincidir, por disputarle poder y visibilidad al coordinador parlamentario en turno). Recibí oferta de contender por otro partido y acepté, pero esperaban que me regresara a casa a lavar trastes, como ellos decían. Cuando renuncié al PAN, el entonces Presidente del partido me dijo: ¡Ay, Laura!, pues algo le hiciste al coordinador de bancada o algo no le hiciste.    Estas piezas de los testimonios que levanté hablan por sí mismas. Quienes materializan leyes, políticas públicas y protocolos de género son justamente las mujeres en espacios políticos. La violencia política impide institucionalizar la lucha contra la violencia de género. En mi próxima columna compartiré más de sus experiencias y mi reflexión al respecto. Hoy dejo que sus palabras nos revelen la realidad.       @MaiteAzuela  ",politicas violentadas testimonios contra la cobardia i,http://www.eluniversal.com.mx/opinion/maite-azuela/politicas-violentadas-testimonios-contra-la-cobardia-i,eluniversal,www.eluniversal.com.mx,5,291
24f87cf734c4e535fe173663db7e9ed7,"    Ante el incremento en las hospitalizaciones por coronavirus en la Ciudad de México, 19 de los 44 hospitales públicos, locales y federales destinados para atender a contagiados por esta enfermedad se encuentran saturados, es decir, están por arriba de 80% de su capacidad, de acuerdo con datos del portal Covid-19.    Entre ellos figuran el Instituto Nacional de Enfermedades Respiratorias (INER) de la Secretaría de Salud federal, el Hospital Central Militar de la Secretaría de la Defensa Nacional (Sedena) y el de Especialidades Dr. Belisario Domínguez, en Iztapalapa, que depende del Gobierno capitalino.    A principios de octubre se comenzó a reportar un incremento en las hospitalizaciones, por lo que en este mes el Gobierno de la Ciudad de México decretó nuevas restricciones, principalmente en comercios, con la disminución de horarios e implementó las pruebas de antígeno para detectar casos positivos más rápido y de esta forma aislar a las personas.    De acuerdo con información del portal Covid-19, hasta el 24 de noviembre se registraron 3 mil 177 hospitalizaciones en la Ciudad de México, de las cuales 2 mil 312 son generales y 865 se encuentran en terapia intensiva.   También lee: Segundo día con más de 10 mil contagios: Ssa    En promedio, en los 44 hospitales la ocupación es de 49%. El 30% de las internamientos corresponden a pacientes foráneos, de éstos, 29% son del Estado de México y 1% de otras entidades.    En ese sentido, el nivel de hospitalizaciones en la capital actualmente se compara con los que se registraron a finales de abril y principios de mayo, cuando se declaró la fase 3 de la emergencia sanitaria. Por ejemplo, el 29 de abril eran 3 mil 37, y el 1 de mayo, 3 mil 150.    De acuerdo con el portal de Covid-19 de la Ciudad de México, los nosocomios en rojo o saturados pertenecientes a la Secretaría de Salud capitalina son: Hospital General Ajusco Medio, Hospital de Especialidades Dr. Belisario Domínguez y Hospital General Dr. Rubén Leñero.    En tanto, los que pertenecen a la Secretaría de Salud federal son: Hospital Juárez de México, Dr. Eduardo Liceaga, Dr. Manuel Gea González, Instituto Nacional de Ciencias Médicas y Nutrición Salvador Zubirán, así como el INER Ismael Cosío y el Instituto Nacional de Cardiología Ignacio Chávez.   También lee: Suman dos mil voluntarios para pruebas de vacuna contra el Covid en CDMX    Las unidades del Instituto de Seguridad y Servicios Sociales de los Trabajadores del Estado (ISSSTE) que están saturados son: Hospital General Tacuba, Hospital Regional 1 de Octubre, Dr. Fernando Quiroz Gutiérrez, Centro Médico 20 de Noviembre, Adolfo López Mateos, Ignacio Zaragoza, José María Morelos y Pavón y Dr. Darío Fernández Fierro.    Además el Centro Médico Naval, de la Secretaría de Marina, y el Hospital Central Militar, de la Secretaría de la Defensa Nacional.    A pesar de que el Hospital General Dr. Rubén Leñero se encuentra a su máxima capacidad para recibir pacientes con Covid-19, EL UNIVERSAL recorrió las inmediaciones de esta unidad médica; sin embargo, se pudieron observar pocos familiares de los pacientes que permanecen hospitalizados en este lugar.   También lee: CDMX alerta a más de 10 mil por posible contagio Covid al rastrear código QR    Sólo puedes visitar a los pacientes 15 minutos al día y nos recomiendan irnos a nuestras casas y ellos nos marcan. No he visto saturado desde mi perspectiva el hospital, eso sí, son pocos los que ingresan, comentó un hombre de 30 años, quien no quiso revelar su identidad, y que estaba afuera del hospital.    Alrededor de las 10:30 horas había no más de 15 personas al exterior, todos de ellos con cubrebocas; en la salida de urgencias había una carroza fúnebre en la espera de recibir un cuerpo, pero la calle Salvador Díaz Mirón se encontraba casi vacía.  ",en cdmx saturados 19 de 44 hospitales covid,http://www.eluniversal.com.mx/metropoli/en-cdmx-saturados-19-de-44-hospitales-covid,eluniversal,www.eluniversal.com.mx,4,300
5cd2b1576c5f1a9f72fa8550b7f9bf59,"  Antonio Marimón nos daba lecciones de futbol en la redacción del periódico La Crónica. Hay jugadores del montón, jugadores buenos, jugadores muy pero muy buenos, y después existe, por encima de esa escala, una última clase....  En esa última clase solo había lugar para los genios. Los futbolistas que hacían época y marcaban una década. Di Stefano lo había hecho en los años 50. Pelé en los 60. Johan Cruyff en los 70. Maradona en los 80.  Marimón decía que antes de todos ellos hubo un argentino, Adolfo Pedernera, jugador del River Plate y maestro de Di Stefano. Pero el mundo ignoraba ese secreto porque Pedernera existió antes de que el futbol llegara a la televisión.  Marimón murió en 1998. No le tocó ver al otro miembro indiscutible del club: Lionel Messi. Pero había llegado a México, huyendo de la dictadura argentina, con tiempo suficiente para convertirse en uno de nuestros grandes cronistas deportivos le pasó lo que a Pedernera: murió antes de que llegara internet y sus crónicas quedaron olvidadas en las hemerotecas, lo que le permitió estar en el Azteca el 22 de junio de 1986, a la hora en que se produjeron dos momentos definitivos en la historia del futbol: el gol del siglo y la mano de Dios.  Para quienes habíamos presenciado todo aquello en la pantalla de una Philco a colores, haber estado en el Azteca aquel día era como haber visto la batalla de las Termópilas o el Desembarco de Normandía.  Yo pienso en 1986 y veo la ciudad deshecha por el terremoto del año anterior: esqueletos de edificios, montañas de escombros sobre Tlalpan, la colonia Roma, el Centro, la Doctores. Sé que en el cine pasaban El jinete pálido, con Clint Eastwood, y que África mía, con Meryl Streep y Robert Redford, abarrotaba las taquillas.  Sé también que eran los años de Cachún Cachún Ra Ra, y del programa aquel en que salían Erika Buenfil y René Casados: XETU. El comercial más famoso era el de El momento Carta Blanca, que llevó a una efímera fama a la sensual Mar Castro la célebre Chiquitibum. En esos tiempos la leche Milo, el sabor del triunfo, era el alimento oficial México 86, y artistas famosos, entre ellos Lola Beltrán, habían sido contratados por la Secretaría de Turismo para llevar a cabo una campaña que recomendaba a nuestros salvajes connacionales ser amigos del turista, y les recordaba que el buen trato a los visitantes da empleo a más mexicanos.  Muchos años más tarde sabríamos que el gol más bello de aquel Mundial fue el de Manuel Negrete contra la selección de Bulgaria. El Esto cabeceó al día siguiente: ¡México, Qué Padre!. La cabeza secundaria decía: El gol de Manuel Negrete, UNA OBRA DE ARTE.  Desde su primer partido la selección mexicana enloqueció al país con aquel equipo inolvidable: Pablo Larios, Fernando Quirarte, Armando Manzo, Miguel España, Hugo Sánchez, Tomás Boy, Javier Aguirre Sin embargo, por encima de todo eso, y por encima de la ciudad deshecha, giraba Diego Armando Maradona.  Diría Marimón años después que Pelé, O Rei, fue más completo que el argentino en técnica individual, y que además estuvo acompañado por una generación estelar que le ayudó a consagrarse.  Maradona venía con Burruchaga, Passarella, Olarticoechea, Ruggeri y Valdano, que daban funciones a toda orquesta y paseaban la pelota por todos los rincones del terreno, pero eran inferiores en jerarquía a quienes rodearon al Rey.  Y sin embargo, Maradona arrastró a su equipo hacia la final, y lo hizo solo con su zurda, su velocidad y su increíble talento para realizar lo impensado. Porque lo impensado, dejó escrito Marimón en alguna de esas crónicas sepultadas, es lo que vuelve al futbol hermoso.  El segundo gol de Maradona contra Inglaterra, el 22 de junio de 1986, es irrepetible. Nunca habrá nada igual. Ese gol lo sobrevivirá y un día hará que se pongan de pie aficionados que no han nacido.  Al Mundial del 86 vinieron Paolo Rossi, Rummenigge, Michel Platini, Butrageño, Zico, Lineker. Pero el protagonista era él. El protagonista en medio de todo era él, y esa magia solo sucede una vez cada diez o cada quince años.  Recuerdo ahora a Marimón, que pegaba en el escritorio preguntando por qué Diego Armando no se volvió burgués y confiable, como Pelé; recuerdo a Marimón contando que la expulsión de Maradona del Mundial de 94 fue para Argentina un golpe tan demoledor como la muerte de Gardel, y recuerdo también aquellos días en la ciudad deshecha, en la que un instante quedó grabado para siempre en la historia del futbol.  Cuando cae un futbolista así, el mundo queda desolado y huérfano.   ",por encima de la ciudad deshecha giraba diego armando maradona,http://www.eluniversal.com.mx/opinion/hector-de-mauleon/por-encima-de-la-ciudad-deshecha-giraba-diego-armando-maradona,eluniversal,www.eluniversal.com.mx,7,382
49b6e3bbfe07a79686295926b83c7597,"    El gobierno federal, por medio del Centro Nacional de Inteligencia (CNI), mantiene un seguimiento puntual de los movimientos del Frente Nacional anti-AMLO (Frenaaa) y de su dirigente, Gilberto Lozano.    Reportes de inteligencia en poder de EL UNIVERSAL dan cuenta de que el otrora Centro de Investigación y Seguridad Nacional (Cisen) ha seguido a esta organización desde, por lo menos, finales de mayo, a pesar de que el presidente Andrés Manuel López Obrador aseguró que bajo su gobierno desapareció el espionaje político.      El pasado 24 de septiembre, el Mandatario afirmó que el espionaje y todo lo que era el Cisen había desaparecido. Todo ese espionaje ya no existe, todo lo que era el Cisen. Además, el que nada debe nada teme, si tiene la conciencia tranquila, no hay problema (...) sobre espionaje, pues la verdad no es novedad, nosotros en la oposición siempre fuimos espiados muchísimos años.    En respuesta a una solicitud de información hecha por EL UNIVERSAL, el organismo de inteligencia federal entregó cinco reportes testados en su gran mayoría en donde se consigna información general de la organización opositora, pero no da detalles, por estar reservadas por seguridad nacional, de las acciones efectuadas por el CNI para hacer el seguimiento.   También lee: Dibujamos más a AMLO por su poder absoluto: caricaturista Juan Alarcón    Al considerar que su divulgación pública pone en riesgo la seguridad nacional, el Centro Nacional de Inteligencia acordó reservar estos reportes de inteligencia por cinco años, hasta 2025.    El organismo de inteligencia justificó esta acción al señalar que los reportes contienen información en materia de seguridad nacional y confidencial con fundamento en los artículos 5, 19 y 51 de la Ley de Seguridad Nacional; 3, 11 fracción VI, 64, 68, 110 fracciones I y XIII, 111 y 113 fracción I de la Ley Federal de Transparencia y Acceso a la Información Pública.    La publicidad de la información clasificada como reservada revelaría tareas realizadas en la generación de inteligencia () Hacer pública la información podría mermar la eficiencia del sistema de investigación y procesamiento de información que opera el CNI, lesionando la oportunidad y discreción creando ventanas de vulnerabilidad a bienes jurídicos tutelados, como la permanencia de la gobernabilidad democrática, señala.    En el primer reporte con clave SSPC-CNI-IS.03.02.04.22/2020, bajo el nombre de FRENA promueve campaña #AMLOveteya se asegura que el objetivo de la organización es la destitución del presidente López Obrador antes del 30 de noviembre de 2020, pues se indica que el Mandatario federal busca imponer un régimen comunista.   También lee: FRENAAA convoca a un ""paro económico nacional""; pide no pagar impuestos    En los documentos se reproducen carteles difundidos en redes sociales de la protesta en vehículos contra el gobierno.    El Frente Nacional anti-AMLO demanda la renuncia del Presidente de México con el argumento de una estrategia fallida de combate a la inseguridad, corrupción y el desempleo en el país, así como la supuesta intención de imponer un régimen comunista, indica el documento.    La organización promueve, a través de redes sociales, la campaña #AMLOveteya. Para el 30/may, impulsa caravanas vehículares en todo el país. Gilberto Lozano González, [es] dirigente del Congreso Nacional Ciudadano y promotor del FRENA () El FRENA es una iniciativa creada a principios de año. Su objetivo es la destitución del Jefe del Ejecutivo federal antes del 30/nov.    En otro reporte bajo la clasificación SSPC-CNI-1S.03.03.04.23-/2020 se indica que Frenaaa pidió a líderes religiosos sumarse a sus movilizaciones y promoverlas en la feligresía, además, los invitó a participar en la Cruzada de 40 días por México (3/jun-12/jul) que consiste en orar y ayunar para que México sea liberado.    En la tercera caravana, el CNI aseguró que Frenaaa sumó a su demanda de renuncia del Presidente la exigencia de desafuero y de juicio político, con el argumento de haber ordenado la liberación de Ovidio Guzmán López, hijo de Joaquín El Chapo Guzmán, el 30 de octubre de 2019.   También lee: FRENAAA y AMLO: ¿lo que les checa les choca?    También se detalla la actividad en redes sociales de Gilberto Lozano contra el Ejecutivo federal, y que en la tercera caravana se difundirán los hashtag #AMLOveteYa, #LOPEZveteYa, #VetealacarcelAMLO, #LÓPEZalPenal y #Estegobiernoseacabo.    En el último reporte, titulado Plantón del Frente Nacional AntiAMLO en la CDMX, el CNI señala que el dirigente Gilberto Lozano convocó a instalar un plantón en el Zócalo capitalino.    Los manifestantes que permanezcan en el lugar durante el tiempo que dure el plantón recibirán alimentación y utilizarán cuartos de hotel para aseo.    Los integrantes de FRENA de la CDMX y del Valle de México asistirán todos los días por rondas de cuatro horas en diferentes turnos, para apoyar y mostrar un contingente nutrido, indica.  ",inteligencia de la 4t sigue pasos de frenaaa y su lider,http://www.eluniversal.com.mx/nacion/politica/inteligencia-de-la-4t-sigue-pasos-de-frenaaa-y-su-lider,eluniversal,www.eluniversal.com.mx,5,390
b300acf9d33114a1b597e222cc531136,"    El trato diplomático entre México y Estados cambiará sustancialmente con la llegada de Joe Biden a la presidencia. Para empezar, se romperá con la anomalía de que el yerno del mandatario fuese el principal interlocutor en la relación bilateral. Con seguridad ya no habrá una figura como la de Jared Kushner para atender toda la gama de los asuntos que vinculan a los dos países. Lo que habrá en adelante serán puestos y funcionarios con encargos precisos en cada tema. Habrá nuevamente un Departamento de Estado coordinando a las distintas agencias que intervienen en la relación con México.    Por los nombramientos que se han anunciado hasta ahora se observa que Biden formará un gobierno plural y diversificado, con latinos, mujeres y afroamericanos en los primeros niveles del gabinete. Debe esperarse un equipo auténticamente profesional, como ya lo muestran las propuestas para ocupar el Departamento del Tesoro y los servicios de inteligencia. Esto, desde el punto operativo. Sin embargo, los cambios más relevantes tendrán lugar en el fondo de la política exterior norteamericana.    En algunos temas, México habrá de celebrar que se haya terminado la administración de Donald Trump y en otros aspectos, pondrá a prueba las capacidades diplomáticas y de negociación del gobierno mexicano.    En materia migratoria debemos esperar dos cambios significativos: un énfasis mayor de Washington para invertir en Centroamérica y detener desde la raíz el éxodo que cruza por nuestra frontera sur. Como Vicepresidente, Biden realizó un esfuerzo importante por ampliar la cooperación con los países del Istmo y generar los empleos que requiere la región. El segundo aspecto será revertir de inmediato las políticas de Trump de separación de las familias y denegación de procesos para otorgar o negar asilo a los migrantes. México tendría que analizar de una vez los escenarios que se perfilan, pues tendrán incidencia directa sobre la utilización de la Guardia Nacional en materia migratoria, en el manejo de la frontera sur, así como en la participación de nuestro país en programas de cooperación serios con la región.    Los retos más sobresalientes para el gobierno mexicano vendrán en los asuntos de seguridad, la lucha contra el narcotráfico, concretamente. Lo mismo ocurrirá en materia de medio ambiente. Biden ha colocado una apuesta muy alta con la designación de un zar para combatir el calentamiento global que ha recaído en una figura tan prominente como John Kerry. El énfasis en los temas laborales que contiene el TMEC será otra zona de retos. La participación de México en el Consejo de Seguridad de la ONU será otro punto a destacar ya que Biden privilegiará la vía diplomática y ese es el centro neurálgico del mundo en la materia. Es también muy probable que preste más oídos a las preocupaciones de los inversionistas estadounidenses en México, otro reto para las autoridades mexicanas.    En suma, el nuevo gobierno apunta a ser más profesional e institucional que el saliente. México haría bien en adelantarse a proponer una agenda y nuevas bases de entendimiento con el gobierno de Biden. Los equipos de transición ya están operando y varios de sus integrantes nos conocen bien. La dificultad para hacerlo estriba en propiciar un acercamiento, aunque fuese discreto, cuando no se ha producido todavía una felicitación al presidente electo de Estados Unidos.      Internacionalista  ",mexico ante biden otra historia,http://www.eluniversal.com.mx/opinion/enrique-berruga-filloy/mexico-ante-biden-otra-historia,eluniversal,www.eluniversal.com.mx,3,266
4bdedce07288137e1b637c02e85d197f,"  El Banco de Bienestar pasará a ser un negocio controlado por el Ejército mexicano. Responsable de dispersar mensualmente alrededor de 10 mil millones de pesos en apoyos de programas sociales, se había convertido en un organismo con el que diversos personajes de la administración de Andrés Manuel López Obrador y de sexenios pasados buscaron hacer negocios, por lo que el presidente ha decidido cederlo a la Secretaría de la Defensa Nacional ante la necesidad de blindar su administración.  Las Fuerzas Armadas ya habían sido designadas por AMLO como las responsables de desarrollar la infraestructura del otrora Bansefi, que contempla una inversión de otros 10 mil millones de pesos para la construcción de una red de 2 mil 700 sucursales en el país, las cuales deberán estar operando a finales de 2021.  Posteriormente, al Ejército se le encargó también equipar esas sucursales con las tecnologías necesarias para su correcto funcionamiento, luego de que se cancelara el contrato para adquirir 8 mil cajeros automáticos de origen coreano con la firma Vivcolmex, vinculada a los empresarios Carlos Cabal Peniche y Alejandro del Valle de la Vega.  En los próximos días la institución que dirige Diana Álvarez Maury pasará en su totalidad a manos de los militares, quienes la administrarán y buscarán sinergias con el Banco Nacional del Ejército, Fuerza Aérea y Armada, mejor conocido como Banjercito.  El relevo en la dirección del Banco del Bienestar sería el general de Brigada Ricardo Flores González, actual director de Banjercito, quien sustituirá a Álvarez Maury, mientras que la también exsubsecretaria de Gobernación se iría a competir por una diputación federal bajo los colores de Morena.  La decisión cobra sentido si se toman en cuenta los cambios que ha sufrido el banco del Ejército durante la presente administración, y sobre todo las deferencias y la confianza que el presidente López Obrador tiene de manera permanente con las Fuerzas Armadas, aun cuando éstas lleguen a afectar su propia imagen.  A mediados del año pasado, Banjercito anunció cambios en su imagen institucional para alinearse con las políticas de la administración del presidente Andrés Manuel López Obrador. La institución modificó su tradicional lema de Un banco para todos por el de Crecemos con una sola misión: tu bienestar.  Y apenas en junio pasado, el gobierno triplicó el capital social del banco como una medida para fortalecer su perfil accionario, con lo que este pasó de cerca de 7 mil millones de pesos a más de 22 mil millones, con una aportación directa de la Secretaría de Hacienda, a cargo de Arturo Herrera, por más de 15 mil millones.  La estrecha relación del Ejecutivo con el Ejército se ve materializada en las labores que le han confiado a las Fuerzas Armadas, encargadas actualmente de construir los proyectos estratégicos, de administrar los puertos y las aduanas, de comprar y distribuir medicamentos para el sector salud y hasta de distribuir los libros de texto gratuitos.  Ejemplo de ese trato privilegiado hacia la Sedena y la Semar también es el cabildeo que el gobierno mexicano realizó con las autoridades de Estados Unidos para atraer el caso del general Salvador Cienfuegos, pues a pesar de que el Presidente dudó al principio de su inocencia, rápidamente modificó el discurso y atendió las quejas de los militares, quienes abogaron por uno de los miembros del nuevo y poderoso gremio constructor, administrador y próximamente banquero de la 4T.       Se dispara precio del Gas LP en BJ  En este espacio adelantamos diversos datos sobre la investigación que EL UNIVERSAL presentó esta semana respecto al mercado del Gas LP en Baja California, en el sentido de que seis empresas pertenecientes a una misma familia, la familia Zaragoza Fuentes, concentran 63% de los permisos para distribuir y comercializar el energético, es decir, 82% del volumen de mercado.   Por esta concentración, en Baja California se han encarecido las tarifas del gas hasta 47%, de manera que existen miles de hogares en el municipio de Tijuana que cocinan aún con leña. El tema se encuentra en manos de la Cofece, de Alejandra Palacios, y de la CRE, a cargo de Leopoldo Melchi García, quienes desde sus ámbitos de competencia deberán tomar las medidas necesarias para impulsar la competencia en la región.    Outsourcing: los acuerdos en el Senado  En la discusión que mantiene la iniciativa privada con el gobierno federal para alcanzar un consenso en la nueva ley de subcontratación, se puso sobre la mesa la intención de retomar los acuerdos logrados en las mesas de alto nivel que organizó el Senado en febrero.  Al respecto, el senador de Morena, Ricardo Monreal, planteó la necesidad de respetar los pactos emanados de este ejercicio de consenso sobre el outsourcing.  Uno de los más importantes es la creación de un Registro Nacional de Empresas de Subcontratación, en la cual coincidieron autoridades, legisladores, patrones y sindicatos, entre otros 13 puntos que incluyen no penalizar a las empresas que ya se dedican a esta actividad y el respeto irrestricto a las regulaciones en materia laboral, de seguridad social y fiscal, ya que esto le daría mayor certeza a las inversiones en este rubro.  Vamos a cumplir nuestra palabra porque será una falta de respeto tomarles el pelo a los empresarios, haberlos invitado a que participaran en una mesa de alto nivel y que el dictamen quede igual. Se van a respetar los acuerdos, dijo en aquella ocasión el coordinador de la bancada de Morena en el Senado.    Alimentos crecen ante contingencia  En medio de la pandemia del Covid-19 no todos los sectores han sido afectados bruscamente, tal es el caso de la industria de alimentos, que incluso registra un crecimiento, el cual continuará hasta 2026 por factores como la tasa demográfica, el incremento de la estadía en el hogar y el cuidado a la salud.  En este contexto, la empresa El Sardinero, de Jorge Carlos Fernández Francés, se alineó a las estrategias del gobierno federal y logró ya una buena cantidad de certificaciones para garantizar la inocuidad de los alimentos, sumado a garantizar el suministro en instalaciones clave como hospitales, centros de salud, clínicas, comedores industriales y penitenciarias.  La firma mexicana reforzó sus alianzas con fabricantes como Gruma, Bimbo, Lala, Maseca, Nestlé, Danone, Unilever, Kellogg 's, Heinz y PepsiCo, entre otras.       @MarioMal[email protected]  ",ejercito va por control del banco del bienestar,http://www.eluniversal.com.mx/opinion/mario-maldonado/ejercito-va-por-control-del-banco-del-bienestar,eluniversal,www.eluniversal.com.mx,5,519
aa424c6ce33297a9d14d0e50852c889f,"  Un tribunal en Turquía sentenció a cientos de militares y civiles de una base aérea a penas de cadena perpetua, tras declararlos culpables de participar en un fallido intento de golpe de Estado en 2016 contra el gobierno del presidente Recep Tayyip Erdogan.  Un total de 475 acusados entre los que hay generales y pilotos de aviones de combate de la base aérea de Akinci, en las afueras de la capital, Ankara fueron juzgados en los últimos tres años por dirigir supuestamente la sublevación y por bombardear edificios gubernamentales clave, incluyendo una parte del Parlamento.  El juicio multitudinario fue uno de los dos grandes procesos contra supuestos miembros de una red liderada por el clérigo Fethullah Gulen, que está asentado en Estados Unidos y a quien Turquía acusa de orquestar el alzamiento fracasado.  Gulen, que figuró entre los acusados, ha negado cualquier implicación en el golpe que causó unos 250 muertos y miles de heridos. Unos 30 golpistas murieron en la rebelión.  La corte condenó a cuatro hombres civiles acusados de actuar de enlace entre el movimiento de Gulen y algunos oficiales militares de crímenes contra el Estado, de intentar asesinar al presidente y de 77 cargos de homicidio, y los sentenció a 79 condenas separadas de cadena perpetua sin posibilidad de libertad condicional. Quince oficiales, incluidos generales de una estrella, también fueron condenados al mismo período.  Los 19 fueron considerados responsables de la muerte de nueve personas por disparos y de 68 personas que murieron en ataques aéreos contra la sede del Parlamento, un cuartel de operaciones especiales de la policía, el departamento de policía de Ankara y un área cercana al complejo presidencial de Erdogan.  Un total de otros 337 acusados también fueron condenados a cadena perpetua. El tribunal absolvió a 70 de los acusados de todos los cargos. Otros acusados recibieron penas de prisión de entre seis y 16 años.  El tribunal falló que Gulen, un supuesto alto funcionario de su movimiento y otros cuatro acusados todavía buscados por las autoridades turcas, deberían ser juzgados por separado por los cargos.  Se esperaba que los acusados apelaran los veredictos del jueves, que fueron bien recibidos por miembros del partido gobernante de Erdogan.  Estamos viviendo la alegría de ver a los acusados, que ya fueron juzgados por la conciencia pública, recibir su castigo, citó la agencia noticiosa estatal Anadolu a la vicepresidenta del partido gobernante, Leyla Sahin Usta. Este es el final de la era de los golpes de Estado en Turquía, agregó.    También lee: Turquía anuncia su vacuna ERUCOV-VAC contra el Covid-19   rdmd      ",en turquia dan cadena perpetua cientos de militares y civiles que participaron en golpe de,https://www.eluniversal.com.mx/mundo/en-turquia-dan-cadena-perpetua-cientos-de-militares-y-civiles-que-participaron-en-golpe-de,eluniversal,www.eluniversal.com.mx,9,208
c192038f0115baacc5de27fd712a7ea3,"  Con la dichosa Consulta Popular para enjuiciar a expresidentes, que tanto promovió y presionó el presidente López Obrador al grado de revivir muertos para que firmaran y de someter a la Suprema Corte están pasando cosas muy extrañas una vez que este ejercicio fue aprobado por el Congreso y que comenzó oficialmente el proceso constitucional para su realización. La primera cosa inexplicable es que, habiendo sido una propuesta presidencial, ni el Ejecutivo ni la mayoría de diputados de Morena se acordaron de incluirla en el Presupuesto de Egresos federales 2021, en donde no hay ningún apartado o partida para costearla y ni siquiera se menciona a la Consulta Popular.  La otra cosa aún más extraña y que representa una violación a la Constitución, fue lo que hicieron las Cámaras de Diputados y Senadores al modificar el decreto original por el que se expidió la Convocatoria para la Consulta Popular y cambiar la fecha de entrada en vigor de dicho decreto. El Congreso de la Unión publicó en el Diario Oficial de la Federación el 28 de octubre de 2020 el decreto con la Convocatoria a la Consulta con la redacción de un artículo Primero Transitorio que a la letra decía: El presente Decreto entrará en vigor el día de su publicación en el Diario Oficial de la Federación.  Eso significaba que a partir del 28 de octubre arrancó el proceso para la consulta popular, pero 7 días después, el 5 de noviembre pasado, las mismas mayorías de Morena en ambas cámaras modificaron ese transitorio y le cambiaron la redacción y la fecha de entrada en vigor: El presente Decreto y la Convocatoria de Consulta Popular que se expide, entrarán en vigor el jueves 15 de julio de 2021, sin perjuicio de que el INE ejecute las acciones preparatorias para la realización de consulta popular, dice la nueva redacción aprobada por los morenistas.  Lo que ocurrió fue que, después de que habían publicado el decreto con la primera fecha de entrada en vigor el 28 de octubre, las bancadas de Morena se dieron cuenta de que habían cometido un error, pues el artículo 35 de la Constitución, que regula las consultas populares, establece claramente que durante el tiempo que comprende el proceso de consulta popular, desde la convocatoria y hasta la conclusión de la jornada, deberá suspenderse la difusión en los medios de comunicación de toda propaganda gubernamental, de cualquier orden de gobierno, salvo aquellas que tengan como fin difundir campañas de información de las autoridades electorales, las relativas a los servicios educativos y de salud, o las necesarias para la protección civil en casos de emergencia.  Es decir, que al entrar el vigor la convocatoria de la Consulta el 28 de octubre pasado, desde ese momento el gobierno federal no podía difundir ninguna campaña de propaganda ni publicidad gubernamental, incluidas las conferencias mañaneras del presidente López Obrador, porque la Constitución lo prohíbe tajantemente para que las autoridades federales no puedan influir en los ciudadanos y sus respuestas a la pregunta de la Consulta Popular. Cuando alguien en Palacio Nacional, seguramente en las áreas jurídicas, puso el grito en el cielo y les señaló su error a los diputados y senadores morenistas, estos trataron de resolver su yerro que hubiera molestado mucho al presidente, al más puro estilo mexicano y violentando todo el proceso parlamentario y constitucional: modifica el transitorio y cámbiale la fecha para que entre en vigor hasta el 15 de julio, dos semanas antes de que se realice la Consulta el 1 de agosto, y de ese modo la prohibición de propaganda y campañas del gobierno y, sobre todo de la Presidencia, sólo se tendrán que suspender dos semanas.  El tema es tan delicado que ya varios juristas y constitucionalistas han cuestionado la manipulación y el desaseo del Senado y la Cámara de Diputados al mover una fecha que ya había entrado en vigor desde el momento que se aprobó y publicó en el DOF y cambiarla por otra fecha aprobada en fast track para permitir que el gobierno federal continuara con su difusión y propaganda.  Pero los problemas para la Consulta no terminan ahí. Ante el hecho de que los diputados de Morena hayan ignorado prácticamente la solicitud del presidente y el mandato de la Suprema Corte para que se publicara y realizara dicha Consulta, y que no le hayan destinado ni un solo peso para su realización, incluso eliminando el presupuesto de 1,400 millones de pesos que había solicitado el INE, ahora los consejeros electorales se preparan para presentar una Controversia Constitucional ante la Corte, en contra de la Cámara de Diputados por obstaculizar el proceso para la Consulta y tratar de evitar así el derecho de participación que la Constitución otorga a los ciudadanos. Ahora el INE será el primer promotor de que se realice la Consulta y de que se haga en las mejores condiciones para los ciudadanos que tienen derecho a ser consultados, nos explicó un integrante del Consejo General del INE que cuestionó que ahora parece que ni a López Obrador, que tanto insistió, ni a las bancadas de Morena en el Congreso les importa la Consulta.  Así es que veremos cómo termina todo este asunto de una Consulta que primero fue un capricho presidencial, que los llevó a presionar y someter a ministros de la Corte para que la declararan constitucional, y que luego el mismo gobierno y su mayoría legislativa le negaron los recursos para llevarla a cabo. Pareciera que luego de la redacción confusa y pantanosa que aprobó la mayoría de la Corte, en la que incluso se abre la puerta no sólo a enjuiciar a los expresidentes, sino al actual presidente de la República o a sus funcionarios, López Obrador perdió interés por este ejercicio que tanto promovió y que, tal y como quedo planteada su redacción, podría ser un arma que utilizara la oposición en contra de su propio gobierno. ¿Ya no gustó la Consulta y por eso ahora la quieren sabotear? Es pregunta.    NOTAS INDISCRETAS  El desencuentro o choque, como se le quiera llamar, entre Marcelo Ebrard y Hugo López-Gatell es ya público e inocultable. Cada que el canciller sale a hablar por la mañana de la inminente llegada de una vacuna contra el Covid a México, el subsecretario lo contradice y descalifica por la noche en sus alocuciones vespertinas. El martes, por ejemplo, Marcelo anunció que la vacuna de Pfizer podría llegar a nuestro país en diciembre próximo y comenzar a aplicarse de inmediato, luego de que ese laboratorio ya está por obtener el registro de las autoridades sanitarias estadunidenses de la FDA, y lo que durante todo el día los medios dijeron que era sin duda una buena noticia, por la noche López-Gatell la cuestionó diciendo que no cantemos victoria anticipadamente, tampoco seamos pesimistas, creo que es fundamental tener una postura mesurada, amparada en el conocimiento técnico específico de las cosas y todos busquemos facilitar que todos tengamos vacunas lo más pronto posible, al señalar que la disponibilidad de la vacuna en México depende no sólo de un trámite administrativo sino también de verificaciones técnicas y científicas. ¿Entonces, a quién le hacemos caso, al canciller que nos dice que en diciembre habrá vacunas, o al subsecretario que dice que, aunque es su deseo, no hay que anticipar vísperas? Usted decida Mientras intenta apagar los fuegos en Nuevo León y San Luis Potosí, donde los morenistas rechazan las alianzas con PT y PVEM, Mario Delgado sigue operando en los otros estados donde se elegirá gobernador para tratar de definir a los candidatos de Morena, ya sea por medio de un consenso entre todos los aspirantes o a través de una encuesta que defina al mejor posicionado. El martes por la tarde el dirigente morenista se sentó en sus oficinas con los aspirantes a Baja California a los que pidió privilegiar el proyecto de la 4T antes que sus intereses. Al encuentro en la sede morenista acudieron Mario Escobedo, secretario de Economía estatal; los alcaldes de Ensenada, Armando Ayala, y de Tijuana, Arturo González; el senador Gerardo Novelo y la alcaldesa con licencia de Mexicali Marina del Pilar. Al salir de la reunión que duró un par de horas, entre algunos de los asistentes aseguraban que si la candidatura se define por encuestas la que llevaría ventaja sería Marina del Pilar, pues además de su buen posicionamiento en los sondeos, es la que mejor transita con el gobernador Jaime Bonilla, que prácticamente ha vetado al alcalde de Tijuana, Arturo González. Además, la idea de una mujer candidata en BC ayudaría también a que Morena cumpla la cuota de género impuesta por el INE Se baten los dados. Escalera doble.  @SGarciaSoto  ",la consulta la constitucion y la apatia de la 4t,http://www.eluniversal.com.mx/opinion/salvador-garcia-soto/la-consulta-la-constitucion-y-la-apatia-de-la-4t,eluniversal,www.eluniversal.com.mx,3,670
e55c5fe9ce7fe8f2d8d7d77d72ba2fb8,"  Jesus Ramírez Cuevas, coordinador de Comunicación Social de Presidencia, aseguró que la Guía Ética para Transformar a México se propone enfrentar la degradación social y recomponer el tejido social mediante el fortalecimiento de valores, y afirmó que no es una ley y su aplicación será absolutamente voluntaria.  La adopción de la Guía Ética por parte de la sociedad es voluntaria. Este documentos es una referencia, no es una ley, no se trata de una norma jurídica de ningún tipo, es un documento para el debate, para la discusión, para la reflexión, y por lo tanto la incorporación de los valores y preceptos que ahí se exponen son absolutamente voluntarios.   En conferencia de prensa que encabeza el presidente Andrés Manuel López Obrador, el vocero presidencial señalo que con la presentación de esta guía se cumple el compromiso número 99 y tras dos años se realizaron más de 50 foros y se recibieron 461 propuestas.   En Palacio Nacional, Ramírez Cuevas indicó que este documento se apoyó en los diversos foros que se hicieron en diversas partes del territorio nacional, entre ellos, destacó, los foros realizados desde 2019 a la fecha en la Universidad Nacional Autónoma de México (UNAM), Universidad Autónoma Metropolitana (UAM), así como en la Universidad Autónoma de la Ciudad de México (UACM).   También lee: No pasa nada, dice AMLO sobre veto de Fernanda Familiar   Los 20 puntos  resumidos de la Guía Ética para Transformar a México son:  1.- Del respeto a la Diferencia. Evitemos imponer nuestro mundo al mundo de los demás.  2.- De la vida. No hay nada más valioso que la vida, la libertad y la seguridad de las personas.  3.- De la dignidad, No se debe de humillar a nadie.  4.- De la libertad. La paz y la libertad son inseparables. Nadie puede estar en paz sin libertad.  5.- Del amor. El amor al prójimo es la esencia del humanismo.  6.- Del sufrimiento y el placer. No hay mayor alegría que la felicidad de los demás.   7..- Del pasado y del futuro. Quien no sabe de dónde viene difícilmente sabe a dónde va.  8.- De la gratitud. El agradecimiento es la mayor de la virtud de una buena personas   9, Del perdón. El perdón libera a quien lo otorga y a quien lo recibe.  10. De la redención. No se debe de enfrentar el mal con el maltrato.  11.- De la igualdad. La buena ley debe moderar la opulencia y la indigencia; no puede haber trato igual entre desiguales.  12.- De la verdad, la palabra y la confianza. No mentir, no robar, no traicionar.  13.- De la fraternidad. Ser fraterno es hacer propios los problemas de los demás.  14. De las leyes y la justicia. Al margen de la ley, nada; por encima de la ley, nadie. Todo, por la razón y el derecho, nada por la fuerza.  15.- De la autoridad y el poder. El poder solo tiene sentido y se convierte en virtud cuando se pone al servicio de los demás.  16.- Del Trabajo. No hay mayor satisfacción que tener trabajo y disfrutarlo.     17. De la riqueza y la economía. No es mas rico el que tiene más, sino el más generoso.  18.- De los acuerdos. Los compromisos se cumplen.  19. De la familia La familia es la principal institución de seguridad social de México.  20.- De los animales, las plantas y las cosas Al cuidar el aire, el agua, la tierra, las plantas, los animales  y las cosas nos cuidamos todos.  kl  ",amlo guia etica para transformar mexico no es una ley dice vocero,https://www.eluniversal.com.mx/nacion/amlo-guia-etica-para-transformar-mexico-no-es-una-ley-dice-vocero,eluniversal,www.eluniversal.com.mx,8,251
