body,title,url
"
Parece que al fin Facebook hará realidad su proyecto Libra, es decir lanzar una criptomoneda al lado de otras compañías que la apoyarán para que sea aceptada en transacciones digitales y cuyo valor estará basado en el dólar estadounidense, a diferencia de las monedas virtuales que se manejan de manera independiente al mercado de divisas global.
De acuerdo con información dada a conocer  por Financial Times, la criptomoneda de Facebook podría lanzarse en enero a través de lo que llaman la Asociación Libra, un consorcio cofundado por Facebook para supervisar el proyecto que ha tenido que transformarse para poder obtener los permisos para operar. 
Inicialmente la compañía había dado a conocer que tenía la intención de crear múltiples ""monedas digitales estables"" o stablecoins que sostendrían su valor respecto a otras divisas como el dólar, el euro y la libra esterlina, es decir que no fluctuarían en valor frente al dinero del mundo real. Sin embargo, en un inicio Libra será una sola moneda estable respaldada por el dólar pues la idea original causó preocupación a los reguladores.
Lo que se espera ahora es que la Asociación Libra lance una sola moneda, cada una de las cuales valdrá un dólar estadounidense. Aun así, según los informes, el consorcio de 27 miembros todavía planea crear monedas basadas en otras monedas fiduciarias, pero esas llegarán en una fecha posterior. 
La Asociación Libra tiene su sede en Suiza y ayuda a sus empresas y organizaciones miembros con el desarrollo de tecnología para los pagos digitales y más. Sin embargo, no ha hecho una declaración oficial sobre la disponibilidad de la divisa virtual. 
Es por ello importante señalar que la fecha exacta de lanzamiento de Libra dependerá de si la moneda obtiene las aprobaciones necesarias de los reguladores incluyendo la Autoridad de Supervisión del Mercado Financiero Suizo (FINMA). 
Hay que señalar que, en 2019, Facebook había anunciado que lanzaría su criptomoneda Libra en 2020, pero ha sufrido varios tropiezos. Su intención de crear su propia moneda virtual despertó las alertas de las asociaciones de reguladores monetarios y los bancos centrales por considerar que, dado el tamaño de la compañía digital, su divisa podría alterar la estabilidad de las finanzas, poner en peligro los datos personales de los usuarios y utilizarse en actos ilícitos como el lavado de dinero, lo que ocasionó que importantes jugadores que inicialmente apoyaban el proyecto, lo abandonaran, entre ellos Visa, MasterCard y PayPal.
Por ello es que, en julio de 2019, Mark Zuckerberg anunció que Libra no se lanzaría hasta que todos los reguladores estuvieran satisfechos.

Lee también: Elon Musk es el segundo hombre más rico del mundo, ¿quiénes son los demás?

Billetera digital 
Además de Libra, se especula que Facebook también presentará en enero Novi, su billetera digital pues, una persona involucrada con el desarrollo, le dijo al Financial Times que ya está ""lista desde la perspectiva del producto"". 
La billetera le permitirá a los usuarios enviar y recibir tokens Libra. Así, se espera que a través de las plataformas de mensajería de Facebook: Messenger y WhatsApp, sea posible administrar el saldo de Libra. Aunque, según se informa, la compañía no lanzará Novi en todas partes, sino que centrará sus esfuerzos inicialmente en los Estados Unidos y en un par de países de América Latina donde las monedas digitales ya son utilizadas, no sabemos si México está dentro de los planes.
Lo que tampoco está claro es qué es exactamente lo que se podrá hacer con la moneda virtual. Los miembros de más alto perfil de la Asociación Libra, como Spotify y Uber, no han dado a conocer qué podrán hacer los usuarios cuando la moneda esté disponible, incluso le dijeron al Financial Times que adoptarán un enfoque de esperar y ver antes de invertir en casos de uso.  

 
",,https://www.eluniversal.com.mx/techbit/la-moneda-de-facebook-libra-llegara-en-enero
"

Con dos denuncias penales ante la Fiscalía General de la República, la Secretaría de Hacienda y el IMSS van en contra del principal empresario del outsourcing en México, Raúl Beyruti Sánchez, presidente de Gin Group. Después de varios meses de investigaciones conjuntas entre las dos dependencias, se presentaron dos querellas judiciales en contra de una de sus muchas empresas y del empresario por delitos de defraudación fiscal equiparada y omisiones en el pago de cuotas obreros patronales de sus trabajadores, a los que con engaños, según acusan las autoridades, les omitió el pago de seguro de retiro y de cesantía en edad avanzada y vejez.
 En pleno debate sobre la regulación del outsourcing y cuando la nueva iniciativa del presidente López Obrador se discute en estos momentos, tanto en Palacio Nacional entre el mandatario y los empresarios, como en la Cámara de Diputados donde se aprestan a aprobarla esta semana con la mayoría de Morena y sus aliados, las acusaciones judiciales contra el llamado Rey del Outsourcing cobran especial relevancia. Se trata de un empresario y un grupo que acumuló una gran cantidad de empresas y una fortuna considerable a partir del uso de la figura de la subcontratación y que para la 4T es ejemplo del abuso y la manipulación de este esquema laboral con fines defraudatorios, tanto que, a veces por su nombre y a veces sin mencionarlo, lo han aludido en ese sentido el presidente López Obrador, los senadores de Morena y hasta la secretaria del Trabajo, Luisa María Alcalde.
 En la primera denuncia, presentada por el IMSS contra Beyruti el pasado 18 de agosto, se le acusa como el administrador único de la empresa Distribuciones y Representantes del Sur, S.A. de C.V., y se señala en el texto de la denuncia que “en su calidad de patrón, con el uso de engaños, omitió el pago parcial de cuotas obrero-patronales, así como las correspondientes al seguro de retiro, cesantía en edad avanzada y vejez, ocasionando un perjuicio por la cantidad de 40 millones 870 mil 550 pesos, por el periodo comprendido entre 1 de enero al 30 de junio de 2017”, de acuerdo con un resumen de la denuncia al que tuvo acceso esta columna.
 La segunda denuncia contra el magnate del outsourcing se presentó el 28 de octubre pasado y fue la Procuraduría Fiscal de la Federación la encargada de formular la querella por defraudación fiscal equiparada, delito previsto en la fracción II del artículo 109 del Código Fiscal de la Federación, y del que se acusó a la misma Distribuidores y Representantes del Sur y a su administrador único Raúl Manuel Beyruti Sánchez, “por haber omitido enterar el Impuesto Sobre la Renta por sueldos y salarios por concepto de fomento al ahorro, correspondiente a los meses de enero, febrero, marzo, abril, mayo y junio de 2017, por la cantidad total de 223 millones 912 mil 664 pesos que debió pagar al fisco.
 Según se establece en el resumen de la denuncia, los peritos de la Procuraduría Fiscal analizaron los CFDI’s expedidos por la empresa de Beyruti, en los que el concepto de “Fomento al Ahorro” aparece en cantidad de 223 millones 912 mil 664 pesos, que representa más de un 50% respecto del salario en cantidad de 428 millones 250 mil 660 pesos, por lo que dichos conceptos tendrían que pagar el Impuesto Sobre la Renta.
 También vinculadas al tema del outsourcing ilegal hay otras dos querellas judiciales que también interpuso la Procuraduría Fiscal de la Federación, al mando de Carlos Romero Aranda. Una de ellas es en contra de la empresa Constructores de Sistemas Cosed, S.A. de C.V, que entre otras cosas, declaró deducciones falsas derivadas de operaciones inexistentes, ingresos acumulables menores, omitió enterar a las autoridades fiscales dentro del término de ley, el ISR retenido por concepto de los ingresos por salarios y omitió el pago de IVA, todo eso por un monto superior a los 845 millones de pesos.
 Aunque esta última empresa no aparece en el directorio del grupo de empresas de Raúl Beyruti, las autoridades fiscales tienen elementos para suponer que también está vinculada al empresario, aunque eso no se menciona en las denuncias penales por no tener certeza plena. Se sabe que Constructores de Sistemas Cosed da servicio a varias firmas importantes de tecnología en México, entre ellas una de sus principales clientes es Sofftek, de Blanca Treviño, la principal empresa de TI en México y Latinoamérica y que también presta servicios de outsourcing en el ramo tecnológico.
 Un caso más, ese sí ajeno al caso Beyruti, es otra denuncia que presentó la PFF contra la empresa Lot & MLP Asesores, S.C., a la que se acusa de que en el ejercicio fiscal de 2017, entre otras cosas, declaró ingresos acumulables menores y omitió enterar al fisco del ISR retenido por concepto de asimilados a salarios y sueldos, causando con eso un daño al fisco por cerca de 305 millones de pesos.
 En vísperas de que esta semana se defina cómo quedará el nuevo marco regulatorio para el esquema del outsourcing y la subcontratación en el mercado laboral mexicano, y a reserva de qué tanto acepte modificar el presidente López Obrador su iniciativa de ley en la reunión que tendrá hoy por la noche con los líderes empresariales en Palacio Nacional, lo que es un hecho es que la propuesta de ley avanzará rápidamente en el Congreso y es muy posible que esta misma semana quede aprobada en la Cámara de Diputados.
 Mientras tanto, con denuncias penales en contra de empresas y empresarios que han utilizado el outsourcing para defraudar al SAT y al IMSS, se busca dejar muy claro que ese el nuevo objetivo prioritario de la 4T y, para poner el ejemplo, no dudarán en dar un golpe legal al mayor empresario del outsourcing en el país y uno de los que se beneficiaron de ese esquema, no siempre de manera legal, y que contó con el apoyo y protección de los últimos gobiernos: Raúl Beyruti Sánchez.

NOTAS INDISCRETAS…

En medio del inocultable crecimiento de la pandemia de Covid en el país, con cifras de contagios, hospitalizaciones y muertes que nos devuelven a los niveles de agosto y confirman las burdas mentiras de la “curva aplanada” y la “pandemia domada”, en el gobierno de la 4T se viene una nueva batalla interna que ya se ha dejado ver en las últimas semanas: ¿quién va a ser el encargado de coordinar la recepción, manejo y aplicación de las vacunas contra el Covid en la República? Hay quienes piensan que esa labor debería dejársele al canciller Marcelo Ebrard, que ha sido el principal operador y negociador para obtener las vacunas, pero por otro lado está claro que el ambicioso subsecretario Hugo López-Gatell quiere tener el control del tema y ha hecho expresiones públicas que lo dejan claro, mientras otros recomiendan que se nombre a un funcionario externo que funja como una especie de “zar de las vacunas” contra el Covid. Y ahí se desliza el nombre de Juan Ramón de la Fuente, cercano al presidente López Obrador y exsecretario de Salud. Sólo que si es el actual embajador ante la ONU el que coordine tan importante labor, estará claro que la puja la ganó la Cancillería… Este lunes cumple 59 días el bloqueo que integrantes de la CNTE mantienen en las vías ferroviarias que cruzan por Michoacán, y todo parece indicar que a pesar de que el problema está estrangulando la economía del estado, el gobierno federal no tiene la menor intención de intervenir para desalojar a los inconformes que, según cálculos conservadores, deja pérdidas económicas diarias por 800 millones de pesos. Aunque no lo dicen abiertamente, empresarios de la entidad comentan saber por qué la secretaria de Gobernación, Olga Sánchez Cordero, no piensa actuar en lo que a todas luces es un problema del orden federal: porque los dirigentes de la sección 18 de la CNTE, que mantienen los bloqueos, son auspiciados por políticos como el senador Cristóbal Arias y el alcalde de Morelia, Raúl Morón, ambos morenistas que tienes fuertes aspiraciones en las elecciones estatales de 2021. Ni siquiera el hecho de que un sondeo realizado por la empresa Blitz revelara que 8 de cada 10 michoacanos están a favor de un desalojo de los inconformes, incluso por la fuerza, ha merecido una mínima acción de las autoridades federales. Al parecer éstas prefieren apostar porque el conflicto desgaste políticamente al gobernador Silvano Aureoles, máxime ahora que ha logrado un mejor posicionamiento junto con los demás gobernadores que integran la Alianza Federalista. ¿Será que los empresarios michoacanos tienen razón, y el gobierno federal está ya más preocupado por las elecciones de 2021, que por atender los problemas que afectan la economía y el empleo en estos momentos de crisis? Veremos. Los dados mandan Escalera. La semana pinta para buena.
",,http://www.eluniversal.com.mx/opinion/salvador-garcia-soto/hacienda-y-el-imss-denuncian-rey-del-outsourcing
"
El nuevo entrenador de los Juárez del futbol mexicano, Luis Fernando Tena, aseguró este lunes que el equipo tiene todas las condiciones para ser protagonista en el torneo Clausura 2021 que empezará en enero.
""Pensamos en meternos a la liguilla, el plantel da para pensar en eso; me gusta el plantel, lo primero que vemos los técnicos; con dos o tres refuerzos, no creo que se necesite mucho más, podemos hacer un buen torneo"", dijo el estratega.
Tena, que dirigió a la selección mexicana campeona olímpica en Londres 2012, fue presentado como nuevo entrenador del Juárez en sustitución del argentino Gabriel Caballero, despedido luego de quedar fuera de la liguilla de los ocho mejores del Apertura.
Según el estratega, tomar el mando del equipo es una oportunidad para hacer algo importante con una filosofía de juego a partir de la entrega en la cancha y la lucha de cada balón.
""Es difícil en el fútbol hablar de cuántos puntos vamos a hacer, uno se puede comprometer a lo que tiene al alcance, trabajar fuerte y que el equipo juegue bien al fútbol, trate bien la pelota y tenga salidas claras"", agregó.
Lee también: Aseguran que Maradona se cayó y se golpeó la cabeza días antes de morir
El Juárez terminó decimotercero del Apertura, a un punto de la zona de repesca, lo cual, según Tena, picó al grupo que saldrá a jugar el Clausura con la mente en clasificarse a la disputa del título.
Tena dejó entrever que buscará un refuerzo en cada línea porque se trata de un buen grupo, liderado por el paraguayo Darío Lezcano, tercer mejor goleador del Apertura con 10 dianas, a dos del líder de los anotadores.
""La idea es que Darío se quede, ha rendido súper bien, todos están contentos con él, la afición lo quiere y es un jugador importante"", señaló.
Según el entrenador, trabajará con la idea de que el fútbol del Juárez se base en la intensidad y la dinámica.
""Nadie puede dejar de correr en nuestro equipo, después buscaremos tratar bien el balón y llegar acompañados al ataque. Es un plantel con disposición al trabajo y se pueden lograr cosas importantes"", concluyó. 

 / ¡Bienvenido, Profe!
 ¡VAMOS BRAVOS!#JuárezEsElNumberOne pic.twitter.com/ztfPxc4f5i
 — FC Juárez (@fcjuarezoficial) November 30, 2020
 ",,https://www.eluniversal.com.mx/universal-deportes/futbol/fc-juarez-presenta-luis-fernando-tena-como-su-nuevo-dt
"
La Asociación Nacional de Productores de Autobuses, Camiones y Tractocamiones (Anpact) dio a conocer que, de acuerdo con sus estimados, la industria productora de vehículos pesados espera vender 30 mil 711 unidades durante 2021, una caída de 27%, si se compara con las 42 mil 010 comercializadas durante 2019, antes de la crisis económica ocasionada por la pandemia de Covid-19.
Las ventas esperadas para 2021 se encuentran 41% debajo de las 51 mil 873 comercializadas durante 2007, año récord de la industria y 54% por debajo de la demanda potencial del mercado interno mexicano, la cual se estima en 66 mil 900 unidades anuales.
Anpact considera que la industria del autotransporte tiene que ser punta de lanza en la recuperación económica, y para ello, es importante renovar la flota mediante esquemas nacionales o locales, como se hace en la Ciudad de México y Jalisco.
Así como contar con un marco legal favorable que ayude a superar la crisis económica.
Tambipen lee: Cae exportación de vehículos pesados
Miguel Elizalde, presidente de Anpact, dijo que las proyecciones para 2021 se realizaron formuladas bajo el escenario de una recuperación económica moderada que contempla la situación actual del marco regulatorio en materia laboral respecto a la subcontratación ilícita.
Sin embargo, señaló, de mantener la forma en que están redactadas las disposiciones en la iniciativa presentada al Congreso el pasado 12 de noviembre, se afectarían los procesos de todas las cadenas de valor globales de producción y comercialización del sector automotriz.
“Es necesario que en la reforma de ley se contemple el insourcing como un esquema de subcontratación, se agreguen definiciones claras, se otorgue un tiempo de transición suficiente para implementarla y hacer las adecuaciones necesarias en la organización interna de las empresas que permita lograr una continuidad en las operaciones”, indicó.
El vehículo pesado, recordó, es fuente de trabajo y es indispensable para el transporte urbano, los mercados, los servicios públicos, las visitas al pueblo natal, etc.
“La producción y distribución de vehículos modernos ayuda a mejorar la vida de los mexicanos mediante la seguridad vial, la mejora del medio ambiente y la generación de empleo para millones de familias”, finalizó.
También lee: A partir de marzo de 2020, habrá nuevas reglas para el transporte de carga


rdmd
",,https://www.eluniversal.com.mx/cartera/industria-productora-de-vehiculos-pesados-proyecta-caida-de-27-en-ventas-en-2021
"

Del 1 al 20 de noviembre, se registraron 5 mil 972 muertes de residentes de la Ciudad de México, lo que representa un exceso de mortalidad de 2 mil 651 hechos adicionales a las esperadas, esto es 133 decesos diarios, de acuerdo con el reporte de Exceso de Mortalidad del Gobierno capitalino.

Cabe mencionar que en abril se registró un exceso de mortalidad de 2 mil 451 casos; en mayo de 9 mil 894; en junio de 5 mil 825; en julio de 3 mil 388; en agosto de 3 mil 216; en septiembre de 2 mil 918, y en octubre de 3 mil 83 muertes más de las contempladas para ese mes.

El reporte de Exceso de Mortalidad, publicado este domingo por la Agencia Digital de Innovación Pública (ADIP), indica que de las 5 mil 972 muertes de residentes de la capital que se presentaron en noviembre, mil 815 están asociadas al Covid-19, que incluye defunciones con confirmación, como por sospecha.
 También lee: CDMX podría anunciar nuevas medidas ante aumento de hospitalizaciones por Covid-19

“Esto representa un aumento de 40% en muertes relacionadas con el virus, con respecto al mes anterior [octubre], aunque 50 puntos porcentuales debajo del máximo nivel, observado en mayo”, destaca.

En octubre hubo 2 mil 6 muertes de residentes de la Ciudad a causa del virus, es decir, hubo en promedio 65 decesos al día, en ese sentido noviembre también supera a julio cuando hubo 75 decesos diarios, en agosto 62, y en septiembre también 62.

De acuerdo con el reporte, 80% de las muertes registradas durante el mes de noviembre corresponden a residentes de la Ciudad de México, mientras que 17.8% son de personas residentes del Estado de México y 2.2% de otras entidades del país.

Hasta el 28 de noviembre se han reportado un total de 17 mil 484 defunciones a causa del Covid-19, de las cuales 15 mil 999 han sido en hospitales capitalinos y el resto en sus hogares u otros lugares.

Los datos de las autoridades siguen indicando que la mayoría de los decesos son de personas que se dedicaban a labores del hogar, es decir, 3 mil 200, así como choferes y comerciantes, principalmente, que representan sectores vulnerables como pensionados.

El pasado 27 de noviembre, EL UNIVERSAL publicó que, de acuerdo con datos del Gobierno capitalino, del 1 al 25 de noviembre, la Ciudad presentó un promedio diario de 79.44 defunciones confirmadas por la enfermedad, sin importar el lugar de residencia.
 También lee: ""El número de hospitalizaciones está incrementándose"": Sheinbaum llama a cooperar para disminuir contagios por Covid

El pico más alto de muertes en ese periodo fue el 14 de noviembre, cuando se registraron 159.

El jueves pasado la jefa de Gobierno, Claudia Sheinbaum, reconoció que hay un incremento no sólo de hospitalizaciones, sino de defunciones por Covid-19.

Por lo anterior llamó a la población a mantener las medidas preventivas, pues volver al semáforo rojo afectaría más la situación económica.
",,http://www.eluniversal.com.mx/metropoli/en-20-dias-hubo-133-muertes-diarias-adicionales-las-esperadas-en-cdmx-mas-de-mil-asociadas
"

Carlos Slim Helú está molesto con las decisiones de política pública que se han tomado en el país durante la actual administración; particularmente a partir de que estalló la contingencia sanitaria que rápidamente se convirtió en una profunda crisis económica. Así lo revelan fuentes de su primer círculo, quienes atribuyen la molestia del empresario al bajo perfil que ha mostrado en los últimos meses.
 “Al ingeniero se la ha notado molesto y ha pedido que se revisen muchas de sus inversiones en el país; también que se busquen oportunidades de negocio, pero sobre todo quiere ajustar algunas que ya tiene en México”, comentó una fuente.
 La última vez que el hombre más rico de México habló en un foro público sobre la situación del país fue en febrero, durante la presentación del decálogo de responsabilidad social del Consejo Coordinador Empresarial. Ahí, Slim dijo que México enfrenta retos importantes como la inseguridad y la falta de inversión.
 A un mes de que estallara la crisis del Covid-19, el presidente honorario y vitalicio del Grupo Carso declaró que hace falta acelerar los procedimientos que permitan a los empresarios desarrollar sus proyectos. “Es necesario agilizar los proyectos de infraestructura para echar a andar la economía lo más rápido posible”, comentó.
 Muchas cosas han sucedido desde febrero, cuando Slilm ya decía que era prioritaria una mayor inversión privada en el país para reactivar la economía. “Lo que tenemos que hacer en el futuro inmediato es un reto de enormes niveles. El planteamiento es invertir 5% del PIB”, expuso en diciembre de 2019.
 Sin embargo, la política económica del presidente Andrés Manuel López Obrador no ha privilegiado la inversión privada ni ha apoyado a las empresas durante la crisis económica que generó el cierre de actividades y el confinamiento por el Covid-19. Por el contrario, el gobierno se ha enfocado en repartir, de forma discrecional y opaca, 10 mil millones de pesos mensuales en apoyos sociales, y en otorgar créditos de 25 mil pesos a los micronegocios afectados por la pandemia.
 Los indicadores de inversión fija bruta, inversión extranjera directa, confianza de los inversionistas y muchos otros alcanzaron niveles mínimos históricos de marzo a la fecha, y al cierre de 2020 México será de los países con las mayores caídas en su economía. El PIB del país registrará un desplome de por lo menos 9%, según el consenso de analistas.
 La mala gestión de la crisis sanitaria en el país, cuentan los cercanos al empresario, es uno de los temas que más molestia le genera y por lo que ha preferido no hacer comentarios en público. Hace unos días, un análisis de Bloomberg situó a México como “el peor país para vivir” durante la pandemia, de un total de 53. Esta misma agencia, que mide la riqueza de los multimillonarios a nivel mundial, ubica a Slim Helú en el lugar 23 con una fortuna de 54 mil 200 millones de dólares. De marzo a la fecha, el empresario ha perdido 3 mil millones de riqueza personal.
 En ese lapso, los dos momentos más visibles de Slim y su relación con el gobierno de AMLO fueron en julio, cuando se realizó la visita de Estado a Washington, a la cual fue invitado, y en agosto, cuando se anunció que la Fundación Slim participa en el desarrollo y financiamiento de una vacuna contra el Covid-19 junto con la farmacéutica Astrazeneca y la Universidad de Oxford.
 Por ningún otro lado se le ha visto a Carlos Slim Helú, salvo en un foro virtual el 21 de octubre, organizado por un consejo empresarial español, donde reiteró que las jornadas laborales deberían ser de tres días a la semana.
 Al anuncio de inversión en infraestructura que se hizo en octubre, y que decepcionó por el limitado campo de acción de la iniciativa privada en proyectos del sector público, envió a su hijo Carlos Slim Domit. La próxima semana se hará otro más, que incluso se anticipa sea menor en cuanto al monto de inversión.
 Quizá sabiendo de la molestia del ingeniero, cuya opinión sobre la economía mexicana siempre ha sido importante, el presidente López Obrador se animó a invocarlo en su conferencia matutina del 21 de octubre. Dijo que tenía información sobre que los empresarios propusieron a Slim ser el ‘candidato de unidad’ para lograr una coalición entre el PRI y el PAN, y así evitar que llegara a la Presidencia en 2018. “Él no aceptó”, señaló.
 Pero conforme las cosas se descomponen más y más antes de mejorar, puede ser que la invocación que hizo López Obrador despierte el interés de Slim de incidir, ahora sí, en las elecciones intermedias del próximo año, y sobre todo en las del 2024. Lo veremos.
 

[email protected]
Twitter: @MarioMal
",,http://www.eluniversal.com.mx/opinion/mario-maldonado/carlos-slim-ausente-y-molesto
"

El misterioso ""monolito de metal"" de origen desconocido, cuyo hallazgo reciente en un desierto del oeste de Estados Unidos provocó todo tipo de especulaciones, desapareció, indicaron el sábado funcionarios locales. 

La oficina de ordenación del territorio del estado de Utah dijo haber recibido ""testimonios creíbles"" según los cuales alguien había retirado el objeto el viernes por la noche. 


""La oficina no retiró la estructura, que se considera como una propiedad privada"", precisó en un comunicado. 



""No investigamos los delitos relacionados con la propiedad privada, que dependen de la oficina del sheriff local"", añadió. 



Más: Hallan “misterioso” monolito de metal en zona desértica de Utah


El bloque metálico triangular, de más de 3,5 metros de altura, fue descubierto a mediados de noviembre por funcionarios locales que sobrevolaban la zona en busca de ejemplares de borregos cimarrones. 

Tras aterrizar para investigar, los miembros de la tripulación del Departamento de Seguridad Pública de Utah encontraron el ""monolito de metal instalado en el suelo"", pero ""ninguna indicación obvia"" de quién podría haberlo puesto allí.

La noticia del hallazgo se viralizó rápidamente en internet, y muchos notaron la similitud del objeto con los extraños monolitos alienígenas que desencadenan enormes avances en el progreso humano la famosa película de ciencia ficción de Stanley Kubrick ""2001: Odisea del Espacio"", de 1968.


https://t.co/925tXJ91y5
— Utah Highway Patrol (@UTHighwayPatrol) November 23, 2020

A pesar de que los funcionarios se negaron a revelar la ubicación del objeto por temor a que hordas de curiosos se acercaran al lugar, pronto se lanzó una carrera en internet para encontrar su ubicación, con la ayuda de las formaciones geológicas de los alrededores. Algunos afirmaron haber localizado el sitio. 

Algunos observadores señalaron el parecido del objeto con la obra de vanguardia de John McCracken, un artista estadounidense que vivió durante un tiempo en el estado vecino de Nuevo México y murió en 2011.

Su hijo, Patrick McCracken, declaró recientemente al New York Times que su padre le dijo en 2002 que le encantaría ""dejar sus obras en ambientes perdidos para que fueran descubiertas más tarde"".




 


 

 



 




Ver esta publicación en Instagram


 



 

 

 



 

 



 

 

 




 

 


Una publicación compartida por Charlotta Lindvall (@celind)




Y a comienzos de esta semana, David Zwirner, representante legal de McCracken, dijo que es posible que el ""monolito"" misterioso sea obra del artista.

""La galería está divida al respecto"", afirmó, admitiendo que él mismo está ""persuadido"" de que la obra es de McCracken y no fue descubierta por casi 10 años.


Lee: Hallan búho en el árbol de Navidad de Rockefeller Center


 

No te pierdas de las últimas noticias de Vive Usa en Google News,  síguenos aquí
",,https://www.viveusa.mx/noticias/desaparece-el-misterioso-monolito-de-metal-hallado-en-eu
"

El sábado se inauguró la trigésima cuarta edición de la Feria Internacional del Libro de la Universidad de Guadalajara. Obligada por las circunstancias, en esta ocasión será completamente virtual y aún así, durante esta semana se darán cita tres centenas de autores de 38 países, entre los cuales estarán tres ganadores del Premio Nobel y una larga lista de escritores, investigadores, políticos y personas premiadas por su obra y su trayectoria en la literatura y las ciencias. Será, una vez más, la gran fiesta de la creación artística y literaria y el mejor espacio de diálogo para el pensamiento plural en idioma español. Desde la página web de la FIL (www.fil.com.mx), además, se tendrá acceso a 1,045 editoriales y librerías de 140 ciudades en 24 países, con una oferta de más de nueve millones de títulos.

Este año, la FIL de Guadalajara ganó el Premio Princesa de Asturias de Comunicación y Humanidades: el galardón más importante del mundo que habla español y, además, Guadalajara fue designada por la UNESCO como la capital mundial del libro para el año 2022. Dos reconocimientos globales ganados a pulso, que enaltecen la creación académica y cultural del país. Al inaugurarse, dos espectros quisieron espantar a la FIL: el primero fue la angustia de su formato virtual, que sin embargo se irá disipando conforme pasen los días hasta confirmar que este nuevo vestido electrónico, en vez de asfixiarla, la modernizará y la expandirá.

El segundo fue la durísima crítica formulada por el presidente de la República apenas unos días antes de dar paso a esta nueva edición, buscando minar el prestigio mundial de la FIL y encajonarla en el imaginario partido de los conservadores, como suele hacerlo con cualquier persona que desatienda sus órdenes. En la ceremonia inaugural, el gobernador de Jalisco, el presidente de la FIL y el Rector General de la Universidad se sintieron forzados a hacer alusión a ese agravio, de modo que es muy probable que el poderoso agresor vuelva a la carga.

De mi parte, prefiero cederle la palabra a Federico García Lorca, quien en septiembre de 1931, al inaugurar la primera biblioteca de su pueblo natal, pronunció un discurso que describe con exactitud y belleza el significado de esa polémica. Dijo García Lorca:

“No solo de pan vive el hombre. Yo, si tuviera hambre y estuviera desvalido en la calle no pediría un pan, sino que pediría medio pan y un libro. Y yo ataco desde aquí violentamente a los que solamente hablan de reivindicaciones económicas sin nombrar jamás las reivindicaciones culturales que es lo que los pueblos piden a gritos. Bien está que todos los hombres coman, pero que todos los hombres sepan. Que gocen todos los frutos del espíritu humano porque lo contrario es convertirlos en máquinas al servicio del Estado, es convertirlos en esclavos de una terrible organización social”.

“El libro —dijo también García Lorca— deja de ser un objeto de cultura de unos pocos para convertirse en un tremendo factor social. Los efectos no se dejan esperar. A pesar de persecuciones y de servir muchas veces de pasto a las llamas, surge la Revolución francesa, primera obra social de los libros. Porque contra el libro no valen persecuciones. Ni los ejércitos, ni el oro, ni las llamas pueden contra ellos; porque podéis hacer desaparecer una obra, pero no podéis cortar las cabezas que han aprendido de ella porque son miles, y si son pocas ignoráis dónde están”.

Me gustaría que la FIL dejara atrás los fantasmas que han querido asustarla. Que no se enganche en discusiones inútiles y que siga adelante como uno de los espacios más relevantes de la cultura que se hace desde nuestro país, orgullosa de la diversidad que la alberga y nos enriquece y dispuesta a escuchar todas las voces: hasta las más amargas.
  

Investigador de la Universidad de Guadalajara.
",,http://www.eluniversal.com.mx/opinion/mauricio-merino/medio-pan-y-un-libro
"

Quizá uno de los pocos puntos en el que coinciden los obradoristas y los críticos de López Obrador, es que no estamos ante un gobierno más, sino ante un intento de cambio de régimen. No es un gobierno como otros, sino el intento de fundar un nuevo régimen político, económico y social, al margen de que dicha pretensión pueda resultar exitosa o no. Y en esa medida, los juicios y evaluaciones tienden a diferir de los que normalmente se hacen a un gobierno dentro del régimen vigente. En lo que no hay consenso es en el tipo de régimen que se pretende instaurar.
 Los obradoristas insisten en que su proyecto se traducirá en un México renovado (casi una utopía, cuando se analizan bien las promesas de campaña de Amlo). Una revolución pacífica que transformará al país de fondo. No se trata de administrar un buen gobierno para generar algunas mejoras; eso sería sólo un mediocre reformismo. Se asume que para lograr tan elevadas metas se debe primero destruir las bases del Antiguo Régimen (“disculpe las molestias que le genera la obra”), para de ahí despegar hacia el nuevo México (supuesto propio de toda ideología revolucionaria). Así, lo que para los críticos podrían ser malas decisiones por sus resultados inmediatos, para los obradoristas reflejan una política de más largo alcance (“lo viejo no termina de irse, y lo nuevo no termina por llegar”). Por lo cual muchos obradoristas siguen esperanzados en que en los más adelante veremos la cosecha de beneficios y avances que por ahora no se perciben.
 Los críticos del obradorismo ven igualmente la pretensión de un nuevo régimen, pero recelan de él, pues parece más un retorno al pasado que un salto al futuro idílico que promete. Y es que bajo la lógica revolucionaria que anima a la “4T” (por eso se autodenomina así), se exige concentrar el poder para realizar el cambio profundo (y neutralizar a quienes se oponen a él). La democracia se concibe de manera diferente, no como un sistema de equilibrios y contrapesos, sino como ejercicio directo del pueblo a través de su líder indiscutible. Desde luego los obradoristas, que reconocen la necesidad de dicha concentración de poder, la consideran como una con buenos propósitos a diferencia de las dictaduras que son “malas”.
 En cambio, para los críticos y escépticos este cambio puede además llevar a una situación de deterioro económico y social, no por las metas planteadas sino por los métodos elegidos. Es típico del populismo (en la connotación latinoamericana) mejorar las condiciones de los sectores más pobres y excluidos pero a partir de políticas que terminan por deteriorar las finanzas públicas, con un saldo final negativo (y con más pobres que en el inicio). Estos experimentos de transformación radical no ofrecen garantías de que el Antiguo Régimen será sustituido por algo mejor. Suelen dejar un tiradero mayor que el que recibieron. Recordemos que muchos regímenes de este talante, que llegaron al poder por vía pacífica e incluso democrática, se presentaron también como genuinas revoluciones sociales. En tal caso están el fascismo italiano, el nazismo, la Nueva Argentina de Perón y desde luego la Revolución Bolivariana de Chávez (y también Echeverría habló de una nueva época).
 Debido a esta visión (y este temor), las críticas al obradorismo no se limitan a cada decisión concreta, sino se centran en el proyecto integral, del que se desconfía a partir de diversos criterios (obviamente no compartidos por los obradoristas). De ahí que, en efecto, las críticas al obradorismo y su líder no sean del mismo tipo que las que suelen hacerse a un gobierno convencional. Se pueden reconocer algunos avances y logros concretos, pero se teme que el saldo de todo el experimento sea predominantemente negativo, como ha ocurrido en muchos casos históricos. Así, la disyuntiva electoral en 2021 se presenta como un impulso a una genuina transformación (para quién así lo ve), o el freno a un régimen populista y poco democrático que va tomando forma.
  

Profesor afiliado del CIDE
@JACrespo1
",,http://www.eluniversal.com.mx/opinion/jose-antonio-crespo/nuevo-regimen-o-solo-un-gobierno-distinto
"

Baptiste Lormand era un exitoso restaurantero francés, avecindado en México desde hace muchos años. El jueves pasado, desapareció sin explicación. Dos días después, su cuerpo sin vida, junto con el de su socio, fue hallado en un paraje baldío por los rumbos del Ajusco.

Por ahora, no se sabe mucho sobre el móvil del doble asesinato. Según Omar García Harfuch, esto no apunta a ser un caso de secuestro o extorsión, sino a un robo: “Hay líneas que apuntan a que quisieron robarles la mercancía que ellos estaban ofreciendo en venta. Al parecer fueron despojados de unas botellas con alto valor comercial.”

García Harfuch es un policía serio que no lanzaría una hipótesis de ese tipo sin contar con evidencias razonablemente sólidas. Pero, más allá de su causa inmediata, esta tragedia tiene un motor estructural: la impunidad.

En México, sale baratísimo matar. La probabilidad de que un asesino sea castigado es bajísima. De acuerdo a un estudio recientemente publicado por la organización Impunidad Cero, solo 11.4% de las carpetas de investigación por homicidio doloso acabó en una sentencia condenatoria. Dicho de otro modo, nueve de cada diez homicidas se salen con la suya.

Esto, valga la aclaración, no es normal. La impunidad genérica en México no es muy distante a la que se puede encontrar en muchos otros países. Pero la impunidad en materia de homicidio sí es muy distinta: en países desarrollados, entre 60 y 90% de los homicidios acaban derivando en una sentencia condenatoria.

Esa diferencia es una de las causas por la que múltiples delitos escalan hasta la violencia letal en México. Un criminal no enfrenta un riesgo considerablemente más alto si acaba matando a sus víctimas. Y eliminarlas puede traer algunas ventajas desde su óptica: acaba con testigos potenciales, intimida a otras posibles víctimas, fortalece la reputación de brutalidad de la persona o grupo involucrado, etc.

Dicho de otro modo, la impunidad no solo multiplica el número de homicidios, sino que también favorece la expansión de otros delitos violentos. En ese sentido, el control de todas las formas de delito violento pasa por la reducción en el número de homicidios.

¿Y cómo se puede lograr eso? El reporte de Impunidad Cero, citado líneas arriba, apunta a cinco tipos posibles de acciones:

1. Intervenciones dirigidas a las personas (víctimas y agresores): esto incluye, por ejemplo, la intervención temprana en casos de violencia al interior del hogar, o programas de interrupción de ciclos de violencia intergrupal.

2. Intervenciones dirigidas a influir en el entorno: esto incluye programas sociales altamente focalizados en zonas con altos niveles de violencia, así como la construcción de mecanismos de mediación comunitaria en esos espacios.

3. Intervenciones dirigidas a lugares: esto incorpora mejoras en el espacio urbano que reduzcan las oportunidades para cometer delitos violentos, así como la ampliación de la presencia policial en puntos calientes.

4. Intervenciones dirigidas a facilitadores: esto abarca acciones para reducir la disponibilidad de armas de fuego, pero también el control del acceso al alcohol y otras drogas.

5. Intervenciones dirigidas a las instituciones: estas acciones buscan reducir los obstáculos a una investigación criminal eficaz. En específico, se propone la creación de unidades de investigación especializada en materia de homicidio.

¿Cómo combinar todos esos elementos? Depende de las características específicas de cada región del país. Pero lo que debería de ser un punto de consenso es la urgencia de contener y reducir la violencia letal en México. No puede ser aceptable que matar sea tan fácil y tan cotidiano.
",,http://www.eluniversal.com.mx/opinion/alejandro-hope/la-vida-no-vale-nada
"
Sin duda alguna, nuestras pertenencias son realmente importantes para nosotros; sobre todo cuando les damos un uso constante y nos ayudan en nuestro día a día, como el caso del automóvil, que es indispensable ya que nos traslada del trabajo a la casa, de la oficina a la escuela, y a donde queramos.
 
Sin embargo, muy pocas veces sabemos lo que le pasa al auto, cómo es que funciona a detalle, cuáles son sus principales componentes y qué necesitan para trabajar correctamente.
Aquí en Autopistas en esta ocasión te decimos todo lo que debes saber sobre el líquido anticongelante. 
Leer también: Qué le ocurre a los frenos cuando se quema llanta
El anticongelante es un líquido refrigerante muy importante para los automóviles porque les permite realizar una eficiente marcha. Cuando a un auto se le termina el anticongelante, queda expuesto a altas temperaturas y el motor se daña al sobrecalentarse.  

(Foto: Pixabay)
La principal función del anticongelante es absorber el exceso de altas temperaturas del motor, por ende, es necesario cambiarlo cada dos años debido a que las propiedades del refrigerante se van perdiendo.
Leer también: Los 10 autos que definieron la década de los noventa
En ocasiones, nos surge la duda de cuál será el mejor anticongelante para el auto, ya que existen diferentes colores, quizá sea el rosa, verde, naranja o azul. Pero para elegir el adecuado, es necesario considerar el coche que tengas.  
De acuerdo con Autonoción, necesitas saber que la mejor opción de anticongelante es el orgánico debido a que es el más durable, duplica el kilometraje en comparación con los inorgánicos, no contiene nitratos ni silicatos, ni daña el medio ambiente. 
Asimismo, los anticongelantes orgánicos durarán mucho más; puede ser el doble de kilómetros e incluso puede resistir hasta cinco años. Esto es porque, a diferencia de los inorgánicos, no tiende a degradarse con el tiempo, sino que recurre a aditivos de protección más versátiles y duraderos.
Los refrigerantes orgánicos también poseen una temperatura de congelación más alta y resisten mejor contra la cavitación. Por lo general este tipo de anticongelante es de color rojo o rosa, con lo que podrás diferenciarlo de los anticongelantes inorgánicos, los cuales suelen ser azules o verdes.
Leer también: Cómo sacar un auto de un corralón de la CDMX
De todas formas, el manual de tu automóvil seguramente contiene un apartado donde te indica el anticongelante ideal para el motor de tu unidad.
Debes tener en cuenta que no es buena idea mezclar un anticongelante con agua, ya que si lo haces sólo conseguirás corroer las partes metálicas del motor y el líquido refrigerante perderá sus propiedades, así que tu auto presentará problemas.
 
Otros aspectos que debes saber sobre el anticongelante es que debes supervisar su funcionamiento cada 20 mil kilómetros, y revisar que no exista una fuga en su contenedor.
Igualmente, el anticongelante debe poseer propiedades anticorrosivas y antiincrustantes para que se hagan menos depósitos sólidos y no se acumule calcio en el sistema.
",,https://www.eluniversal.com.mx/autopistas/lo-que-debes-saber-del-anticongelante-del-auto
"
La secretaria del estado de Arizona, Katie Hobbs, demócrata, certificó los resultados electorales que arrojan que el demócrata Joe Biden ganó por 0.3% de votos, de los casi 3.4 millones depositados, una diferencia de poco menos de 10 mil 500 votos respecto del candidato republicano Donald Trump.
Hobbs aseguró que el proceso electoral fue uno de los más seguros de la historia “pese a las afirmaciones infundadas de lo contrario”. Aludió así a las acusaciones, sin pruebas, de Trump de que hubo fraude masivo en las elecciones del 3 de noviembre.
Biden es el primer demócrata que gana en Arizona  -y sus 11 votos electorales- desde 1996. 
También lee: Biden anuncia su equipo económico; confirma a Janet Yellen como secretaria del Tesoro
El gobernador Doug Ducey testificó la certificación y aseguró: “Hacemos bien las elecciones en Arizona. El sistema es fuerte”.
Sólo falta por certificar el estado de Wisconsin, lo que se espera ocurrirá en las próximas horas.
El 14 de diciembre, los electores del Colegio Electoral se reunirán para votar y dar a conocer oficialmente el nombre del ganador de las elecciones estadounidenses. 
Trump dijo que si el Colegio concede la victoria a Biden, admitirá finalmente su derrota.

ed
",,https://www.eluniversal.com.mx/mundo/elecciones-eu-arizona-certifica-victoria-de-joe-biden
"

Al interior de Morena en el Senado de la República, nos comentan que un grupo de legisladores busca impulsar reformas constitucionales para promover que ciudadanos independientes accedan a candidaturas en los partidos políticos, y que lleguen a dichas candidaturas a través de un proceso de elección primaria. Se buscará, nos explican, que la militancia elija a los candidatos a través de elecciones primarias generales organizadas y vigiladas por el Instituto Nacional Electoral y los Organismos Públicos Locales Electorales. Estas reformas, consideran, podrían beneficiar particularmente a Morena que, a pesar de sus resultados en procesos electorales, no cuenta con cuadros propios suficientes y por ello, en los pasados comicios tuvo que “reciclar” a figuras de otros partidos, que les han traído más problemas que satisfacciones y de cuyas acciones el partido y el gobierno se han tenido que avergonzar. ¿Será que los democráticos métodos de la tómbola y el dedazo acabarán en Morena?

Cada quien sus preocupaciones

Nos dicen que el objetivo primario que tiene el PRD para 2021 es no perder su registro como partido político nacional, y por ello, está dispuesto a aliarse hasta con el que fuera su principal adversario: el PRI. Nos comentan que el grupo que se ha quedado prácticamente con el cascarón del partido del sol azteca, “los chuchos” —que encabezan el líder nacional Jesús Zambrano y su inseparable Jesús Ortega— buscan con energía un gran acuerdo para ir juntos con el tricolor en al menos en la mitad de las candidaturas a diputados federales y en todas las candidaturas a gobernadores que se puedan construir. Así, mientras para Morena su preocupación se centra en no perder la mayoría en la Cámara de Diputados, para el PRD sus pendientes son: primero, no quedar fuera del mapa político al perder el registro. Y segundo, que el PRI no vaya a negociar en lo oscurito con Morena y deje a los perredistas chiflando en la loma.

El Inai, una apuesta muy riesgosa

Cada día está más cerca el relevo en la presidencia del Instituto Nacional de Acceso a la Información. Nos cuentan en el propio Inai que en la contienda interna hay quienes han decidido ya que apoyarán al comisionado Óscar Guerra Ford, con la idea de que su simpatía por la autollamada Cuarta Transformación ayudará a que la actitud de menosprecio y descalificación que el presidente Andrés Manuel López Obrador ha tenido para el Inai hasta ahora, finalmente cambie. Sin embargo, nos hacen ver que si esa es la decisión que toman la mayoría de los comisionados, estarán haciendo una apuesta de alto riesgo, pues solo tienen que recordar las palabras del Presidente de la República, quien dijo que solo hay dos tipos de personas, las liberales que están con él y su 4T, y las conservadoras y corruptas que están en contra. Y por naturaleza, un órgano garante de la transparencia, como de lo debe ser el Inai, nunca podrá ser cómodo para el titular del Ejecutivo. ¿Qué va a pasar si el Inai no le cumple al cien por ciento? ¿Qué va a pasar si no hay lealtad ciega?

Esta semana, destape para el Politécnico

En el Instituto Politécnico Nacional se cumplen 11 días sin que se haya nombrado a quien habrá de sustituir al director general, Mario Alberto Rodríguez Casas, quien el pasado 19 de noviembre cumplió los 3 años y finalizó su encargo. Aunque don Mario tendría derecho a ser designado para un nuevo periodo, desde dentro se ve difícil, se le descarta luego de que el presidente Andrés Manuel López Obrador anunció que se buscará al mejor perfil para que las cosas “mejoren” en el Politécnico y que, por supuesto, fue nombrado por el expresidente Enrique Peña Nieto. Por ley, es el presidente quien tendría que designar al sucesor de don Mario y aunque aparentemente la determinación caería en la cancha del secretario de Educación, Esteban Moctezuma, el anuncio lo dará el presidente en una mañanera, y se espera que ocurra esta misma semana. No hay que descartar, nos dicen, que sea una mujer en quien recaiga la designación presidencial.
",,http://www.eluniversal.com.mx/opinion/periodistas-el-universal/morena-el-fin-de-la-tombola-y-el-dedazo
"
Todo lo positivo que alguna vez generó Miguel Herrera, como entrenador del América, se agotó. La humillante eliminación ante el Guadalajara fue el reflejo de ello: un equipo mal planeado desde el armado, incapacidad para ganarle la estrategia al técnico rival y un equipo sin ambición, lo que tiene que ver más con la falta de convencimiento que debería venir desde la banca.
El Comité de Futbol de Televisa le ha dado todo a Herrera y Santiago Baños; al primero, incluso le permite que varios elementos de su familia sean parte del cuerpo técnico; al segundo, libertad para llevar a quien sea a la organización, desde mandos medios poco preparados hasta futbolistas de poca categoría.
Miguel no es el único culpable de los fracasos recientes, porque el del sábado por la noche no es el único; habría que sumarle ese título perdido en el Estadio Azteca, hace un año, contra Rayados. Han dejado salir futbolistas, a otros los mantienen en el banquillo por cuestiones personales, y a otros más los ponen a jugar, aunque ni calidad tengan. Hoy, jugar en el América es muy barato, con muy poco se es titular.
Un vestuario roto, o por lo menos eso aparenta, porque no meten las manos contra el odiado rival. Parece que le están haciendo un favor a Herrera al dejarle dirigir al América, cuando debería ser lo más importante de su carrera. Miguel es grande por el América, no el América es grande por él. No hay control, desde que al dúo dinámico Herrera-Baños lo dejaron solo, sin Yon de Luisa, Mauricio Culebro y José Romano.
Puedes leer: ""América, sufre el 'cáncer' de promotores""
Han deteriorado el funcionamiento deportivo, ejecutivo, de imagen. Es decir, que no haya una contraparte en el interior del equipo se traduce en descontrol, pero también en un anarquía absoluta. Sin duda, los despidos de gente clave han afectado al funcionamiento, con los resultados desde el primer equipo hasta las básicas, que han tenido el peor torneo en los últimos 10 años.
Jugadores incómodos con gente del cuerpo técnico, muy cercana a Miguel; familiares contratados sin contar con experiencia, aparición en medios para hablar de temas como el de Renato Ibarra, cuando tendría que preparar partidos... Hasta las constantes apariciones de una de las hijas de Herrera para defenderlo y confrontar a quienes le cuestionen, son parte de los temas que han quedado anotados en la libreta de razones para este fracaso.
En el América debe regresar la cordura y comprender que perder una eliminatoria contra Chivas es inaceptable, y mucho más porque no se hizo nada para sacar adelante el duelo. De los jugadores, quienes también tienen su culpa, vendrá el análisis, sin olvidar que recaerá más en quien los eligió. Hoy, el América no sólo quedó fuera de la Liguilla, sino que dio el aviso real de que la era de Miguel Herrera se agotó, porque podrán mantenerlo, pero eso no quiere decir que no ha llegado a su fin.
@gvlo2008 - [email protected]
 

 
  
",,http://www.eluniversal.com.mx/opinion/gerardo-velazquez-de-leon/lo-barato-que-es-dirigir-y-jugar-en-el-america
"

Durante este año, las instituciones federales de seguridad pública han acumulado, en promedio, tres acusaciones diarias por presuntas violaciones a derechos humanos.

Entre enero y septiembre, la Comisión Nacional de los Derechos Humanos (CNDH) recibió 864 quejas por actos cometidos por las secretarías de la Defensa Nacional (Sedena), de Marina (Semar), la Guardia Nacional (GN), la Fiscalía General de la República (FGR) y el resto de dependencias federales de seguridad.

Aunque el pasado 25 de noviembre el presidente Andrés Manuel López Obrador dijo que el Estado ya no es el principal violador de derechos humanos, los registros de la CNDH muestran que la población sigue acusando a las Fuerzas Armadas y a los cuerpos de seguridad civiles por supuestamente incurrir en irregularidades en su actuar.

Las acusaciones contra esas instituciones son por detenciones arbitrarias, tratos crueles e inhumanos, tortura, intimidaciones, agresiones contra migrantes, transgredir los derechos de la mujer, uso arbitrario de la fuerza, efectuar detenciones sin órdenes de aprehensión, incomunicar, desaparición forzada, privación de la vida y retención ilegal.
 También lee: El gobierno dejó de ser el principal violador de derechos humanos: AMLO

También por apoderarse de un bien inmueble sin consentimiento del dueño, irregularidades en las órdenes de cateo, omitir brindar protección y auxilio o imputar hechos indebidamente.

Según el Sistema Nacional de Alerta de Violación a los Derechos Humanos de la CNDH, el Ejército, la GN y la FGR están dentro del top 10 de instituciones con más quejas al sumar, respectivamente, 237, 209 y 203.

Especialistas consultados indicaron que estos abusos siguen ocurriendo porque las Fuerzas Armadas tienen un papel protagonista en el combate a la delincuencia, pese a que no tienen la formación necesaria para realizar ese trabajo.

Las quejas por violaciones a derechos humanos cometidas por la Sedena, Semar, GN, FGR y las otras dependencias se concentraron en 309 municipios.
 
 

La alcaldía Cuauhtémoc, en la capital, con 36 quejas, es donde más acusaciones hubo en los primeros nueve meses de este año. Le siguen Miguel Hidalgo, Ciudad de México; Ciudad Juárez, Chihuahua; Tijuana, Baja California; Álvaro Obregón, Ciudad de México; Tapachula, Chiapas; San Luis Potosí, San Luis Potosí; Puebla, Puebla; Irapuato, Guanajuato, y León, Guanajuato.

En este año, el segundo del presidente López Obrador al frente del país, los medios de comunicación también lograron documentar vulneraciones, por ejemplo, EL UNIVERSAL publicó que el 3 de julio en Nuevo Laredo, Tamaulipas, elementos del Ejército ordenaron la ejecución de un presunto criminal que sobrevivió a un operativo.

Señalamientos sólo desaparecieron en el discurso

En este sexenio la tendencia de violaciones a derechos humanos por parte del Estado se ha mantenido. De hecho, en 2019 las quejas por abusos cometidos en el sector seguridad incrementaron 17% respecto a 2018.

“Aunque el gobierno en su discurso dice que ya se acabaron las violaciones a los derechos, no se terminan por decreto ni con cursos o manuales, como lo han intentado hacer”, opinó David Ramírez de Garay, coordinador del Programa de Seguridad de la organización México Evalúa. Agregó que los abusos están relacionados con la formación de las Fuerzas Armadas, entrenadas para eliminar a un enemigo.

“Es un efecto un poco trágico, pero también es cierto que la misma impunidad es detectada por quienes forman parte del Ejército y en algunos casos, como se ha documentado, toman estas decisiones violatorias como un salvoconducto para no toparse con la impunidade”, indicó.

Por su parte, Mariclaire Acosta Urquidi, defensora de derechos humanos, consideró que el gobierno ha seguido una “política fallida” de seguridad pública basada en el uso de la fuerza.

“Este año nos fue bastante mal y no tengo la esperanza de que esto mejore, sino todo lo contrario. La violencia no ha parado, las ejecuciones y las desapariciones siguen, hay un endurecimiento en las leyes respecto a la prisión preventiva oficiosa y tenemos una Guardia Nacional que claramente es militar”, aseveró.
 También lee: Las Fuerzas Armadas no anhelan el poder: Rafael Ojeda, secretario de Marina

Coincidió en que la poca capacidad de las fiscalías para investigar genera un ambiente propicio para los abusos.

“Debemos tener un sistema de procuración de justicia que funcione, tener una policía de proximidad y no solamente militarizada, una política integral de bienestar para garantizar empleo, educación, salud y cohesión social, pero desgraciadamente no hay nada de eso”, dijo.

Por último, José Guevara Bermúdez, exintegrante del Grupo de Trabajo sobre Detenciones Arbitrarias de Naciones Unidas, consideró que la manera como se está atendiendo la seguridad pública no es diferente a lo ocurrido en sexenios anteriores.

“No creo que el Presidente pueda decir que ya no hay violaciones de derechos humanos. Organizaciones sociales continúan documentando y evidenciando abusos, hemos visto casos de desapariciones forzadas”, señaló.

El experto criticó que el Ejecutivo asevere que el Estado ya no incurre en vulneraciones, pues con eso trata de liberar de cualquier responsabilidad a las Fuerzas Armadas.
",,http://www.eluniversal.com.mx/nacion/instituciones-de-seguridad-de-la-4t-reciben-3-acusaciones-al-dia-por-violacion-de-derechos
"

A inicios de la pandemia por el coronavirus, en marzo de este año, se estimaba que la industria fílmica se vería seriamente afectada por el cierre total de salas de cine y se calculaba una pérdida aproximada de 5 mil millones de dólares, sin embargo, el alargamiento del confinamiento ha hecho que las apuestas por pérdidas superen los 17 mil millones de dólares... y aumentando.

Asia, Europa y África fueron los primeros continentes a los que el coronavirus llegó y, debido a esto, también fueron los primeros que reactivaron su economía una vez que bajó el contagio. En consecuencia, la segunda ola de Covid-19 también llegó antes, por lo que la cinematografía ha tenido que reinventarse para subsistir ante las pérdidas.

Tras la reapertura con un aforo reducido y el cierre en la segunda ola, el cine sigue sin poder recuperarse, entre reprogramaciones de filmes, estrenos en plataformas streaming y algunas filmaciones detenidas, el futuro fílmico parece incierto.
 También lee: Por el Covid-19, 240 millones de personas no pudieron ir al cine

Mientras algunos complejos han revelado el cierre permanente de sus establecimientos, además del despido de empleados, las compañías productoras pierden millones de dólares entre más días pasan sin estrenar sus grandes apuestas.

Uno de esos casos es el de Cineworld Group, empresa británica que es la segunda cadena exhibidora más importante del mundo; a inicios de octubre había reabierto 561 de sus 778 salas, de las que hoy permanecen cerradas 200 en Estados Unidos, 11 en Israel y seis en Reino Unido. Estos cierres de salas redujeron los ingresos en los primeros seis meses de 2020 a 712 millones de dólares, en comparación con los 2 mil 200 millones de dólares del año anterior.

Cineworld Group, el propietario de Regal Cinemas, apenas había informado en septiembre que no estaban seguros de aguantar un rebrote del virus y el cierre de las salas de nueva cuenta, lo que apunta a una recuperación muy lenta que traería consecuencias en años próximos.
 La cinta Mulán juntó 23 mdd en cines chinos.

Tan sólo en Estados Unidos, la Asociación Nacional de Propietarios de Cines reportó hace un mes que el 69% de los cines pequeños y medianos podrían verse obligados a declararse en quiebra si la pandemia no se controla. En algunos lugares de Europa como Italia, el rebrote del Covid-19 ha obligado a las autoridades locales a velar por la salud y cerrar de manera parcial las salas, lo cual afectará a la industria local.

“Es realmente difícil porque estos cines suben y bajan según el contenido. Son los grandes éxitos de taquilla los que realmente inspiran a la gente a salir al cine”, dijo hace unos días Paul Dergarabedian, analista de medios senior de Comscore a Variety.

Durante lo que va de 2020 más de 75 largometrajes tuvieron que cambiar su fecha de estreno, de los cuales 30 fueron postergados para 2021 y seis hasta 2022, lo cual ha generado más pérdidas para los estudios que cada día que no estrenan les cuesta dinero.

Tal es el caso de la nueva película de James Bond, No time to die, lo que está costando a MGM un millón de dólares de intereses cada mes, según The Hollywood Reporter.



 

¿Cine en casa como solución?

Estudios han optado por estrenar sus proyectos por plataformas digitales. Uno de ellos fue Universal Pictures, que en Estados Unidos llevó a pago por evento el estreno de Throlls 2: world tour, que a tres semanas de lanzarla contabilizaba casi cinco millones de rentas en ese país, acumulando 100 millones de dólares según informó The Wall Street Journal.
 También lee: Disney despedirá a 32 mil trabajadores por impacto del Covid-19

Walt Disney probó suerte con su remake live action de Mulán, que costó mas de 200 millones de dólares y que puso en su plataforma Disney+ a un costo de 30 dólares en EU, aunque no tuvo el mismo éxito de los Throlls, ya que la cinta requería al menos 12.5 millones de rentas para recuperar.

En México, algunas plataformas como Aamazon Prime Video están adquiriendo películas que originalmente se estrenarían en cines para poder proyectarlas a través de su servicio, ese es el caso de Locas por le cambio.

HBO anunció que su largometraje Wonder woman 1984 se estrenará simultáneamente en HBO Max y en los cines el 25 de diciembre... claro, si continúan abiertos.

GUIÓN CAMBIANTE

La pandemia ha traído algunos giros de trama que parecen no acabar

ENERO 

El gobierno chino estipula el cierre de más de 70 mil complejos, mientras el mundo miraba a otro lado.

MARZO 
El mundo occidental padece los estragos de la pandemia, se cierran complejos en Europa y América.

AGOSTO
Los cines en la CDMX reabren con medidas preventivas como cubrebocas y un aforo del 30%.

OCTUBRE 
Cineworld Group cerró temporalmente sus más de 500 ubicaciones Regal en Estados Unidos.

NOVIEMBRE
Hay toque de queda en varios países, en México se decide que los cines deben cerrar a las 19:00 horas.

MEDIDAS RESTRICTIVAS
La experiencia de ir al cine ha cambiado, las salas semivacías y sanitizadas son algunos de los cambios que más se resienten
Los estrenos en todas partes del mundo se han pospuesto, algunos se han decidido por el streaming.
El aforo debe ser reducido, esto implica en algunos países guardar distancia incluso entre familiares.
Cierres han sido inevitables, se estima que 68% de los pequeños cines se declaren en quiebra en EU.
La Cineteca reabrió en agosto, con sanitización y pocas personas en sus salas.
 
",,http://www.eluniversal.com.mx/espectaculos/el-cine-pasa-del-drama-al-terror-por-culpa-del-covid-19
"

La denuncia por desaparición fue levantada el 28 de noviembre pasado. Indicaba que dos días antes había desaparecido el ciudadano franco-mexicano Baptiste Jacques Daniel Lorman, de 45 años de edad. Se le había visto por última vez en Polanco.
 Baptiste Jacques era propietario de una elegante cantina en esa colonia, especializada en “comida de pueblo”: Surtidora don Batiz.
 Desde muy temprano, la comunidad franco-mexicana, así como amigos del empresario, desataron una muy intensa campaña en redes, a fin de que se difundiera la noticia de su desaparición.
 A las 14:19 del sábado, alguien tuiteó: “Un día que me deja una marca más, gracias por avisarnos @ErnestinaGodoy que ya encontraron a mi amigo, desgraciadamente sin vida. Francia y México están de luto”.
 La madrugada de ese sábado, elementos de la Policía de Investigación atendieron un reporte. Eran aproximadamente las 02:10. En Camino al Cedral, sin número, a medio kilómetro de la avenida Arenal, sobre un camino de terracería, a un costado de un cementerio, en Santa María Magdalena Petlacalco, en Tlalpan, habían sido hallados dos cuerpos maniatados.
 Se hallaban en un terreno baldío, en medio la profunda oscuridad. Los agentes tuvieron que reconocerlos por medio de linternas. Encontraron dos cuerpos severamente golpeados. Estaban ubicados a seis metros de distancia uno de otro. Las ropas de uno de ellos coincidían con las descritas en el reporte por desaparición: suéter color negro, camisa blanca, pantalón de mezclilla.
 Según el reporte de los agentes, a simple vista se apreciaban numerosas “manchas hemáticas secas en el rostro” de las víctimas.
 “Homicidio por golpes”, anotaron los agentes.
 “Motivo de la agresión: posible ejecución”, se lee en el reporte.
 No había elementos balísticos en los alrededores. Se cree que las víctimas fueron privadas de la vida en otro sitio y arrojadas más tarde en ese lugar. En razón de la hora no se localizaron vecinos ni transeúntes. Por tratarse de una zona semirural no había cámaras del C2 Sur, ni se localizaron las del programa Mi calle, mucho menos cámaras particulares.
 Sin embargo, la policía ubicó a medio kilómetro de ahí dos postes con cámara y botones de emergencia que podrían haber registrado, a esa hora, el paso de vehículos.
 No tardó en confirmarse que los cuerpos eran los de Baptiste Jacques Daniel Lorman y su socio Luis Orozco.
 El secretario de Seguridad Ciudadana de la Ciudad de México, Omar García Harfuch, informó en conferencia de prensa que la Mitsubishi del empresario fue detectada a las 18:46 en el Periférico y a las 19:38 rumbo a la carretera a Cuernavaca por San Pedro Mártir. Simultáneamente fue captado el vehículo rentado que empleaba su socio.
 Según García Harfuch, la línea principal de investigación está relacionada con el robo de licores de alta gama que las víctimas, presuntamente, habían ido a vender a sus victimarios. “Las líneas indican que quisieron robarles la mercancía que ellos estaban ofreciendo en venta. Al parecer fueron despojados de unas botellas con alto valor comercial”, explicó el secretario.
 Aseguró, además, que “no existe indicio alguno que sugiera que se trató de un secuestro, o de una extorsión, o de un cobro de piso”.
 En la oficina de Seguridad Ciudadana de la alcaldía Miguel Hidalgo aseguran que hasta el momento no existen en esa demarcación quejas o reportes por “cobro de piso”.
 Personas que estuvieron aquel jueves con el empresario, aseguran que este hizo una comida en su casa, y que al caer la tarde se quedó solo. Se pudo establecer que salió de su domicilio a las 18:20.
 Además de formar parte de una comunidad estrechamente vinculada, y que suele apoyarse regularmente, Baptiste Jacques formaba parte de un gremio muy sólido y combativo: el de los restauranteros.
 En ambas zonas el asesinato causó tremenda indignación. Los restauranteros convocaron a una marcha para hoy, a las 15:00 horas, que partirá de la glorieta de Arquímedes al restaurante Surtidora Don Batiz, al mismo tiempo, ramos de flores fueron colocados en el restaurante ubicado en la calle Julio Verne, así como en la sede de la embajada de Francia.
 Miembros de la comunidad se extrañan con la versión de que el empresario hubiera salido a vender botellas a esa hora. En casos en que víctimas fueron citadas en algún punto para efectuar la venta de algunos de sus bienes, quienes les robaron e incluso asesinaron echaron mano, de modo invariable, de armas de fuego.
 No ocurrió de ese modo con Baptiste Jacques y Luis Orozco. Ambos fueron golpeados. Incansablemente. La pregunta es por qué, y hay dos comunidades que no descansarán hasta que se las respondan.
 Las personas que los citaron desaparecieron los teléfonos con la intención de borrar el rastro de llamadas y conversaciones.
 De los asesinatos de menores en el centro, la mancha de sangre llegó en menos de un mes a lo que el diario francés Le Figaro, al reportar la muerte de los empresarios, llamó “un quartier chic”: el elegante barrio de Polanco.
 La violencia desatada otra vez.
",,http://www.eluniversal.com.mx/opinion/hector-de-mauleon/la-mancha-de-sangre-llega-polanco
"

La pandemia de covid-19 aceleró el desarrollo y la prueba de un método para la creación de vacunas que no había funcionado nunca antes: el del ARN mensajero (ARNm) sintético.

Tanto Pfizer (Estados Unidos) y BioNtech (Alemania) como la empresa estadounidense Moderna usaron este procedimiento para crear sus vacunas, que han llegado a la tercera y última fase de pruebas en humanos en un tiempo récord de ocho meses.

Según las empresas, los resultados preliminares mostraron una eficacia superior al 95%.

Pero, ¿cómo pudieron hacerlo tan rápido? Y, si este proceso es tan eficiente, ¿por qué nadie había logrado fabricar una vacuna de ARN mensajero hasta ahora?

La respuesta está en la evolución de la tecnología y de la investigación científica, según Norbert Pardi, inmunólogo y profesor de la Universidad de Pensilvania, en Estados Unidos.

Pero también en la necesidad surgida por la pandemia.

""El desarrollo normal de una vacuna puede tardar hasta 10 años en condiciones normales. Primero, porque a menudo ni las empresas ni las agencias reguladoras le dan prioridad. En segundo lugar, no siempre hay recursos suficiente. Probar estas vacunas es muy caro, especialmente en la fase 3."", dice Pardi a BBC Mundo.

""Ahora, debido a la pandemia, todo el mundo quiere hacer las cosas más rápido y hay fondos disponibles. Y ese era el principal obstáculo. El proceso químico de producción de una vacuna no suele llevar mucho tiempo, el 95% del tiempo se dedica a las pruebas"", explica.
 También lee: Moderna repunta 16% en bolsa tras anunciar efectividad en su vacuna del 100%

El método que usa ARNm en las vacunas tampoco surgió de repente. De hecho, empezó a desarrollarse en la década de los 90, pero dio un salto en los últimos 15 años gracias a descubrimientos que lo hicieron, poco a poco, más seguro y eficiente.

Getty Images
 
Hay por lo menos 50 tipos de vacunas de ARNm en fase de pruebas, no solo contra el covid-19 también contra otras infecciones

El rol del ARN mensajero

El ARN mensajero es una molécula que aparece cuando se copia un tramo de ADN y transporta esta información a la parte de las células donde se fabricarán las proteínas que componen nuestro cuerpo.

Los virus de ARN (como el Sars-Cov-2, los de la gripe común o el dengue, entre otros) usan el mismo mecanismo para infectar una célula humana y producir copias de su propio código genético.

Es así es como se replican en nuestro cuerpo.

BBC

La mayoría de las vacunas se hacen con un virus debilitado o un fragmento del mismo para que nuestro sistema inmune produzca anticuerpos.

Sin embargo, las vacunas génicas, como las desarrolladas por Pfizer/BioNTech y por Moderna, buscan que el propio organismo produzca una proteína del virus sin necesidad de inyectarlo.

¿Por qué el método es tan innovador?

Los científicos crean un ARN mensajero sintético en el laboratorio, que contiene una copia de parte del código genético viral.

Este ARNm hará que nuestras células fabriquen la proteína característica del virus y esto alertará a nuestro sistema inmunitario.
 También lee: 5 avances médicos descubiertos por accidente, incluido uno sobre la vacuna de coronavirus

""Esta técnica tiene algunas ventajas importantes. Primero, seguridad. Como no usa el virus, no hay peligro de que cause infecciones en personas con muy baja inmunidad, algo que puede ocurrir con vacunas como la de la fiebre amarilla o la de poliomielitis, por ejemplo. La vacuna de ARNm es apta para todo el mundo"", dice Norbert Pardi.

Reuters
 
Se están desarrollando alrededor de 200 vacunas contra el covid-19, según la OMS.

""También es una técnica más sencilla que las demás, porque el ARN utilizado es completamente sintético. Así que no es necesario mantener complejos cultivos celulares ni sistemas de purificación en los laboratorios"", explica.

Según Pfizer, el uso de ARN elaborado en el laboratorio acelera la producción en comparación con las vacunas convencionales, que utilizan virus debilitados, por ejemplo.

""Producir la cepa correcta de un virus puede ser difícil y crear virus suficiente para miles de dosis puede llevar meses"", dice un comunicado de la compañía.

""Dado que la producción de una vacuna de ARNm utiliza métodos artificiales, puede ofrecer un enfoque más flexible para patógenos que están evolucionando rápido y dar una respuesta más rápida a grandes brotes o pandemias"", dice.

La creación de la vacuna

Pero desarrollar una vacuna a partir de un ARN mensajero sintético no es tan fácil como puede parecer.

Para empezar, según Pardi, el ARN es una molécula capaz de generar una fuerte reacción del sistema inmunitario y eso puede causar una inflamación severa y hasta la muerte.

BBC

Este fue el problema que se encontró inicialmente con las vacunas de ARN que se probaron en animales.

""Pero, hace unos 15 años, los investigadores del equipo al que me uní en la Universidad de Pensilvania descubrieron que se podía resolver reemplazando la uridina (una de las moléculas que componen el ARNm) por la pseudouridina"", dice el investigador.

Esta sustitución significaba que el ARNm sintético de la vacuna podía acceder libremente a la célula, ya que los sensores de nuestro organismo no lo podían identificar como una amenaza.

Según Pardi, este descubrimiento fue la clave para hacer posibles las vacunas de Pfizer/BioNTech y de Moderna.
 También lee: En la batalla por la vacuna, África teme quedar en el olvido

Otra innovación crucial fue el desarrollo de una mejor capa lipídica, es decir, grasa, que envolviera y protegiese al ARN mensajero, evitando que se degrade de camino a las células.

Moderna y Pfizer dicen tener sus propias variaciones patentadas de nanopartículas de lípidos, como se llama esta tecnología, pero las empresas no respondieron a las solicitudes para obtener más detalles.

¿Cómo funciona la vacuna?

Una vez asimilado por nuestras células, el ARN mensajero actúa como un manual de instrucciones para la producción de la proteína viral, llamada S o Spike.

El ARNm le dice a la célula que produzca miles de copias de esa proteína y luego se desintegra completamente en el cuerpo, ya que está hecho de compuestos orgánicos.

BBC

La célula libera estas copias en el corriente sanguíneo y esto alerta a los centinelas del sistema inmune, las células dentríticas, que las capturan.

Cuando el cuerpo identifica la proteína S como invasora inicia la producción de anticuerpos y linfocitos T para defender al organismo de una posible infección por Sars-Cov-2.

Es así como la vacuna nos da inmunidad frente al virus.

Sin embargo, aún no se sabe cuánto tiempo dura la inmunidad generada por las vacunas de ARN mensajero.

Tanto las pruebas de Moderna como las de Pfizer comenzaron el pasado 27 de julio, por lo que se ha realizado un seguimiento de los pacientes durante solo cuatro meses.

""Es poco probable que la inmunidad sea permanente, pero aún no sabemos si durará seis meses, un año o más. Lo que sabemos de los estudios de vacunas contra Sars-cov-1 y MERS, por ejemplo, es que la inmunidad disminuye con el tiempo."", dice Pardi.

Según el inmunólogo, lo que los nuevos estudios necesitan mostrar es si a partir de la vacuna de ARNm el cuerpo recordará cómo reproducir esos anticuerpos contra el virus en un futuro.

""Esto es realmente importante. Si hay memoria inmunológica, puede que sólo sea necesario vacunar a las personas una vez más, por ejemplo, para garantizar una protección más permanente"", concluye.

Ahora puedes recibir notificaciones de BBC News Mundo. Descarga nuestra app y actívalas para no perderte nuestro mejor contenido.
",,https://www.eluniversal.com.mx/ciencia-y-salud/covid-19-tres-pasos-del-metodo-arnm-en-vacunas-contra-el-coronavirus
"

La telefonía pública dejó de ser un servicio indispensable entre quienes carecían de una línea fija, para convertirse en un objeto prácticamente en desuso.

A la fecha hay 51 mil 396 localidades donde todavía pueden verse casetas de telefonía pública, de las cuales 6.8 millones tienen líneas de Telmex, ya que esta empresa tiene la obligación de brindar el servicio en el país.

Mientras el uso de telefonía pública decrece al existir 7.8 millones de líneas a 2019 y con entidades donde hay dos líneas por cada mil habitantes, como Campeche, y 12 por cada mil personas en la Ciudad de México, la telefonía móvil alcanza 122 millones de líneas y 86.5 millones de habitantes tienen acceso a internet, indican cifras del Inegi.

Gonzalo Rojón, analista de The Competitive Intelligence Unit (CIU), comentó que durante la pandemia por el Covid-19, este servicio redujo su uso porque lo que menos quiere la gente es tomar un teléfono público.
 También lee: Celulares de Android que caducarán en 2021

Sin embargo, estos aparatos existen aunque están en desuso, pues hay tecnologías alternas, incluso en varias comunidades existen los llamados “telulares” que son como teléfonos fijos pero en realidad es tecnología móvil.

“Es una tecnología que va en desuso, hay personas que lo utilizan, pero son los menos, sobre todo en metrópolis donde la penetración móvil supera 100%”.

Además, el ingreso que se obtiene por casetas públicas debe ser muy bajo, comentó Rojón.

Sin embargo, dijo que es necesario el servicio porque hay personas sin acceso a la telefonía móvil ni a la fija, por lo que se pueden mantener algunos de estos aparatos, pero destacó que hay tecnologías que pueden ser más eficientes, como los celulares.

“La telefonía pública sólo da servicio de voz cuando la necesidad son datos [internet]”.
 

Telmex, el rey

Este mercado lo concentra Telmex, empresa que pasó de tener 56% de los aparatos en 2015 para sumar 86.5% en 2019, porque aunque quiera salir de este negocio no puede.

Su título de concesión señala —desde 1990— que “Telmex se obliga a instalar y mantener operando casetas públicas telefónicas en su área de servicio, de acuerdo con un programa de expansión concertado cada cuatro años con la Secretaría de Comunicaciones y Transportes (SCT), y conforme a la densidad de aparatos públicos que se establezca a partir de enero de 1999”.

Además, se establece que para 1994 la empresa debía brindar dos casetas públicas por cada mil habitantes y cinco por cada mil habitantes para 1998.

Jorge Fernando Negrete, presidente de Digital Policy and Law, comentó que este es un tema que otros países han ido liquidando.

“Las obligaciones de cobertura universal con servicios de telefonía pública ya fueron eliminadas en Europa, prácticamente todos los países de ese continente lo eliminaron. En Estados Unidos también y lo que han hecho es mantenerlo en las áreas no conectadas”, explicó Negrete.
 También lee: Guerrero y Oaxaca sufren por la telefonía e internet

El servicio de telefonía fija se mantiene sólo en las zonas donde no llega la conectividad. Por ejemplo, Estados Unidos tiene un área roja donde el programa América Conectada destina 20 mil millones de dólares para conectarlos, pero en tanto llega el dinero, se tiene el servicio de telefonía con cabinas.

“Pero en este momento es absolutamente oneroso para los operadores de telecomunicaciones que sostienen todavía esta obligación mantenerlo”, dijo.

Infraestructura anquilosada

Además es infraestructura que se vandaliza, que requiere mantenimiento y usa espacio público que puede emplearse en otras cosas.

“Me parece que no hay nada más ocioso que la infraestructura pública para la conectividad en materia de telefonía fija, estas obligaciones de cobertura universal con telefonía fija en este momento son anacrónicas”, aseguró el especialista.

En todo caso, los operadores de telecomunicaciones han hecho esfuerzos por crear hotspots de internet en parques públicos, que es la conexión actual. El mismo mercado sustituye la telefonía fija por el wifi público, incluso los gobiernos lo han financiado.
",,http://www.eluniversal.com.mx/cartera/internet-y-celulares-dejan-obsoletos-los-telefonos-publicos
"
Hace tres semanas, Donald Trump perdió la elección presidencial. Al final, al contar todos los votos presenciales y por correo, proceso que tomó días dadas las restricciones impuestas por la pandemia, el resultado no deja lugar a dudas. Hace cuatro años, Trump perdió el voto popular por tres millones de votos, pero logró ganar gracias a un margen de alrededor de 70 mil personas en Michigan, Wisconsin y Pensilvania, los tres estados clave de la elección del 2016. Esta vez perdió el voto popular por casi el doble contra su rival, el demócrata Joe Biden, quien también consiguió retomar los tres estados aquellos además de Arizona y Georgia, que no votaban por un demócrata en décadas (Biden ganó en Michigan, Wisconsin y Pensilvania por 260 mil votos). El resultado final en el colegio electoral tuvo algo de justicia divina: Biden obtuvo 306 votos electorales, exactamente el mismo total de Trump hace cuatro años. Entonces, Trump dijo haber “barrido” a Hillary Clinton. Exageraba, pero tenía algo de razón. Su triunfo fue claro. El de Biden también lo ha sido.
Hasta ahí la evidencia histórica.
Por desgracia, antes que reconocer su derrota de la misma manera en que Clinton reconoció la suya, Trump ha dedicado las últimas tres semanas a tratar de revertir el proceso electoral, acosar a todo aquel que trate de detenerlo y dinamitar la confianza en las instituciones democráticas de su país. Lo primero que ha hecho es inventar la narrativa de un fraude inexistente. 
En los últimos días, el presidente de EU ha utilizado su tribuna en Twitter –y en medios de comunicación que han claudicado en su responsabilidad de informar para volverse plataformas de aviesa propaganda– para cuestionar y exigir la anulación de los resultados. En privado, Trump y sus aliados (entre ellos, aparentemente, senadores republicanos como Lindsey Graham) han presionado a autoridades republicanas locales para revertir el resultado electoral ya sea desechando votos o imponiendo electores favorables a Trump, en sentido contrario a la voluntad de los votantes. El fin de semana, Trump incluso criticó al FBI y a su propio departamento de Justicia por dejarlo solo en la batalla poselectoral, es decir, por no ayudarlo a ganar a la mala.
Por ahora, las instituciones estadounidenses han soportado este embate sin precedentes. Los estados han comenzado a certificar sus resultados, mientras que el colegio electoral firmará el resultado final dentro de un par de semanas. Después de eso, formalmente, Trump se quedará sin herramientas para tratar de revertir su derrota.
¿Qué hará entonces?
Por desgracia, es poco probable que baje los brazos. Trump parece empecinado en construir los siguientes capítulos de su historia desde la patraña del fraude. Planea vivir los siguientes años cuestionando la legitimidad de Joe Biden. Hay versiones de que piensa lanzar su campaña presidencial para el 2024 el 20 de enero del año que viene, el mismo día en que Biden comience su mandato. En Washington hay incluso quien piensa que Trump ha considerado bautizarse como “verdadero presidente” del país, con todo y un sello presidencial prácticamente idéntico al que acompañará a Biden como presidente realmente legítimo.
En Estados Unidos hay quien se ríe de todo este largo berrinche trumpista. Lo cierto es que Trump ya ha hecho un daño quizá irremediable a la democracia estadounidense. En sondeos recientes, una mayoría de votantes republicanos se dice convencida de que Biden ganó a través de un fraude. Que no haya evidencia alguna de dicho fraude parece importarles poco. El daño que un mal perdedor insidioso hace a la democracia de un país puede durar décadas, o incluso ser permanente. En la era de la desinformación y la conspiración, todavía más. Lo dijimos en este espacio antes de la elección y lo decimos ahora: Estados Unidos no está preparado para lo que viene. 
",,http://www.eluniversal.com.mx/opinion/leon-krauze/trump-quiere-ser-presidente-legitimo
"
En México, según cifras oficiales, más de cien mil personas han muerto por Covid-19 y los contagios ya superan el millón. De acuerdo a un ranking publicado por Bloomberg, somos el peor país para vivir en la era de la pandemia.
Aún cuando Estados Unidos nos supera en número de muertes y contagios, las autoridades recomiendan a sus ciudadanos no venir a México por el alto riesgo de contagio.
¿Qué está pasando realmente? ¿Cuál es la situación en nuestros hospitales?
Entrevisté a trabajadoras de la salud entregadas a esta dura causa. María de Jesús Espinoza es una enfermera chiapaneca que vino a la Ciudad de México con su colectivo para protestar por la falta de insumos, medicamentos y equipo. Me dijo que “la llegada del Covid desnudó la situación de Chiapas y seguramente de todo el país”. Agregó que los equipos de protección y los tratamientos no llegan a tiempo, no son suficientes y no tienen calidad. Las consecuencias en su sector han sido fatales: mil trabajadores de la salud contagiados y 52 fallecidos solamente en su estado. “No somos héroes, somos ciudadanos con familias que necesitamos apoyo para hacer bien nuestro trabajo y salvar vidas.”
Miroslava es enfermera del Hospital General Regional Dr. Carlos Mac Gregor, del IMSS. El escenario que plantea no es nada esperanzador. Me compartió lo mismo que me han dicho otros trabajadores de la salud a lo largo de estos meses, que en su hospital no hay ni los insumos básicos. Lo más crítico es la carencia de sedantes. Sin ellos no es posible intubar a los pacientes graves. ¿De qué sirve contar con camas y con respiradores, si estos no pueden utilizarse? Miroslava considera al Covid-19 como una bala perdida. Se queja de que la población se relajó y los enfermos llegan al hospital muy delicados y con muy pocas posibilidades de sobrevivir.
Son ya muchos meses atendiendo a pacientes graves. Al cansancio físico acumulado hay que sumar el dolor emocional. El personal de salud ha perdido a familiares y a muchos compañeros. Viven conscientes del riesgo al que están expuestos permanentemente. No pueden solos, necesitan de todos. Por eso no debemos bajar la guardia. El covid, aún con la promesa de la vacuna, está más agresivo que nunca. Hay que extremar cuidados. Muchas vidas dependen de ello. 
 

@PaolaRojas
",,http://www.eluniversal.com.mx/opinion/paola-rojas/la-realidad-del-covid-19
